"","outletID","I_EcoType1","estID","east_DD","south_DD","est_name","full_ecosystem_type_name","est_ecosystem_type_code","biogeographical_zone","efz_ha","condition24","condition18","condition11","fishing_effort24","fishing_effort18","fishing_effort11","hund_km_zone","hund_km_zone_cond","fish","fish2018","efz_area","mod11","mod18","mod24","pes11","pes18","pes24"
"1",1,"Cool Temperate Large Fluvially Dominated",1,16.4578039722222,-28.6357439722222,"Orange","1 Cool Temperate - Large Fluvially Dominated","C-LFD","aCTemp",3019.54107523,49.575,51.5125,55.85,"L","L","L",1,49.575,50,50,30190584.6029966,"Heavily","Heavily","Heavily","D","D","D"
"2",4,"Cool Temperate Arid Predominantly Closed",2,17.0506277777778,-29.6772694444444,"Buffels","1 Cool Temperate - Arid Predominantly Closed","C-APC","aCTemp",89.2121055198,43.81875,43.81875,66.475,"L","L","L",2,43.81875,30,30,875679.437154388,"Moderate","Heavily","Heavily","C","D","D"
"3",5,"Cool Temperate Arid Predominantly Closed",3,17.2592277777778,-30.2631916666667,"Swartlintjies","1 Cool Temperate - Arid Predominantly Closed","C-APC","aCTemp",134.6998018424,77.55,78.55,79,"N","N","N",3,81.3685368014769,80,80,1343368.68543892,"NearNatural","NearNatural","NearNatural","B","B","B"
"4",6,"Cool Temperate Arid Predominantly Closed",4,17.35873,-30.4726919444444,"Spoeg","1 Cool Temperate - Arid Predominantly Closed","C-APC","aCTemp",88.2036176816,87.2,88.7,82.925,"N","N","N",3,81.3685368014769,95,95,882036.165958766,"NearNatural","NearNatural","NearNatural","B","B","B"
"5",8,"Cool Temperate Arid Predominantly Closed",5,17.576563,-30.8467977777778,"Groen","1 Cool Temperate - Arid Predominantly Closed","C-APC","aCTemp",88.2705218338,79.54375,79.54375,81.275,"N","N","N",4,38.3547180760319,80,80,882381.88247095,"NearNatural","NearNatural","NearNatural","B","B","B"
"6",10,"Cool Temperate Arid Predominantly Closed",6,17.8484119722222,-31.2447797222222,"Sout (Noord)","1 Cool Temperate - Arid Predominantly Closed","C-APC","aCTemp",532.8342275871,31.53125,31.53125,50.1,"N","N","N",4,38.3547180760319,20,20,5328341.7539046,"Heavily","Severely","Severely","D","E","E"
"7",12,"Cool Temperate Predominantly Open",7,18.1871189722222,-31.7010439722222,"Olifants","1 Cool Temperate - Predominantly Open","C-PO","aCTemp",2778.735111851,68.425,69.925,69.925,"VH","VH","VH",5,68.0584365342045,40,40,27786396.4425456,"Moderate","Moderate","Moderate","C","C","C"
"8",14,"Cool Temperate Large Temporarily Closed",8,18.313416,-32.0846409972222,"Jakkals","1 Cool Temperate - Large Temporarily Closed","C-LTC","aCTemp",72.58256170149,54.025,49.7543614595211,52.45,"H","L","L",5,68.0584365342045,50,35,725825.614208563,"Heavily","Heavily","Heavily","D","D","D"
"9",15,"Cool Temperate Arid Predominantly Closed",9,18.3252699722222,-32.2045858333333,"Wadrift","1 Cool Temperate - Arid Predominantly Closed","C-APC","aCTemp",509.03086387702,47.825,36.5739589619795,33.95,"L","L","L",6,49.6248310262296,25,25,5090308.64294316,"Severely","Severely","Heavily","E","E","D"
"10",16,"Cool Temperate Estuarine Lake",10,18.3331739722222,-32.3159219444444,"Verlorenvlei","1 Cool Temperate - Estuarine Lake","C-EL","aCTemp",2276.2674508494,37.3125,50.3256488842065,54.25,"M","M","M",6,49.6248310262296,17.5,30,22762674.8110337,"Heavily","Heavily","Severely","D","D","E"
"11",18,"Cool Temperate Predominantly Open",11,18.143885,-32.7697488888889,"Groot Berg","1 Cool Temperate - Predominantly Open","C-PO","aCTemp",11733.9463774799,54.0725,63.925,58.9,"VH","VH","VH",6,49.6248310262296,41.8,56,117334732.830851,"Heavily","Moderate","Heavily","D","C","D"
"12",22,"Cool Temperate Estuarine Lagoon",12,18.0219361111111,-33.0973222222222,"Langebaan","1 Cool Temperate - Estuarine Lagoon","C-ELG","aCTemp",6016.02167134,84.125,84.625,85,"VH","VH","H",7,84.125,50,50,60068831.4211718,"NearNatural","NearNatural","NearNatural","B","B","B"
"13",34,"Cool Temperate Large Temporarily Closed",13,18.482143,-33.8899038888889,"Diep/Rietvlei","1 Cool Temperate - Large Temporarily Closed","C-LTC","aCTemp",1250.020407169,44.775,45.275,32.35,"M","L","L",9,35.4588779415903,35,40,12500204.1449503,"Severely","Heavily","Heavily","E","D","D"
"14",35,"Cool Temperate Large Temporarily Closed",14,18.4715859722222,-33.9080347222222,"Sout (Wes)","1 Cool Temperate - Large Temporarily Closed","C-LTC","aCTemp",613.6968289989,16.4831522437958,16.4831522437958,9.025,"L","L","L",9,35.4588779415903,5,5,6136968.24701871,"Severely","Severely","Severely","E","E","E"
"15",36,"Cool Temperate Large Temporarily Closed",15,18.3545,-34.0463909722222,"Disa","1 Cool Temperate - Large Temporarily Closed","C-LTC","aCTemp",23.5112928416,30.0719968387777,30.0719968387777,32.05,"L","L","L",10,49.5784530387995,5,5,235112.939236552,"Severely","Severely","Severely","E","E","E"
"16",38,"Cool Temperate Large Temporarily Closed",16,18.343287,-34.127411,"Wildevoëlvlei","1 Cool Temperate - Large Temporarily Closed","C-LTC","aCTemp",737.701764896,41.8,41.8,45.525,"L","L","L",10,49.5784530387995,30,30,6048351.92686371,"Heavily","Heavily","Heavily","D","D","D"
"17",40,"Cool Temperate Small Temporarily Closed",17,18.3709069722222,-34.2020449722222,"Schuster","1 Cool Temperate - Small Temporarily Closed","C-STC","aCTemp",23.05848714407,85.2126388317565,86.2126388317565,91.125,"L","L","L",10,49.5784530387995,90,90,225507.942739198,"Natural","NearNatural","NearNatural","A","B","B"
"18",41,"Cool Temperate Small Temporarily Closed",18,18.378401,-34.2309419444444,"Krom","1 Cool Temperate - Small Temporarily Closed","C-STC","aCTemp",130.0460218584,90.9109755342589,92.4109755342589,93.8,"L","L","L",10,49.5784530387995,95,95,1005278.44382593,"Natural","Natural","Natural","A","A","A"
"19",46,"Cool Temperate Large Temporarily Closed",19,18.4389229722222,-34.1327629722222,"Silwermyn","1 Cool Temperate - Large Temporarily Closed","C-LTC","aCTemp",15.79450356338,37.8899307405434,37.8899307405434,45.95,"L","L","L",11,40.704376471755,55,55,157945.046995667,"Heavily","Severely","Severely","D","E","E"
"20",47,"Cool Temperate Large Temporarily Closed",20,18.4765,-34.1063839722222,"Zand","1 Cool Temperate - Large Temporarily Closed","C-LTC","aCTemp",913.276137747,44.4,44.4,46.6,"M","M","M",11,40.704376471755,45,45,3818483.67299612,"Heavily","Heavily","Heavily","D","D","D"
"21",48,"Cool Temperate Estuarine Lake",21,18.5049339722222,-34.0984189722222,"Zeekoei","1 Cool Temperate - Estuarine Lake","C-EL","aCTemp",405.4561522524,24,24,29.1,"L","L","L",11,40.704376471755,5,5,4054561.62136238,"Severely","Severely","Severely","E","E","E"
"22",49,"Cool Temperate Large Temporarily Closed",22,18.753723,-34.0788269722222,"Eerste","1 Cool Temperate - Large Temporarily Closed","C-LTC","aCTemp",277.430126927,33.075,33.075,32.575,"L","L","L",11,40.704376471755,5,5,2774300.02469669,"Severely","Severely","Severely","E","E","E"
"23",50,"Cool Temperate Small Temporarily Closed",23,18.8108429722222,-34.1000519972222,"Lourens","1 Cool Temperate - Small Temporarily Closed","C-STC","aCTemp",266.4623678592,51.05,50.975,64.15,"L","L","L",11,40.704376471755,45,45,2664623.68998117,"Moderate","Heavily","Heavily","C","D","D"
"24",52,"Cool Temperate Small Temporarily Closed",24,18.864895,-34.15556,"Sir Lowry’s Pass","1 Cool Temperate - Small Temporarily Closed","C-STC","aCTemp",4.10635242783,37.85,37.85,35.65,"L","L","L",11,40.704376471755,15,15,41063.5518247746,"Severely","Severely","Severely","E","E","E"
"25",53,"Cool Temperate Small Fluvially Dominated",25,18.8194119972222,-34.1948188888889,"Steenbras","1 Cool Temperate - Small Fluvially Dominated","C-SFD","aCTemp",3.956551341561,81.925,83.925,82.2,"L","L","L",11,40.704376471755,80,80,39565.5144470274,"NearNatural","NearNatural","NearNatural","B","B","B"
"26",54,"Cool Temperate Small Temporarily Closed",26,18.821045,-34.2957738888889,"Rooiels","1 Cool Temperate - Small Temporarily Closed","C-STC","aCTemp",22.80267428486,90.5986322352298,91.5986322352298,90,"L","L","L",11,40.704376471755,80,80,215528.786904142,"Natural","Natural","Natural","A","A","A"
"27",55,"Cool Temperate Small Temporarily Closed",27,18.8295349722222,-34.3389469444444,"Buffels (Oos)","1 Cool Temperate - Small Temporarily Closed","C-STC","aCTemp",36.58305739783,82.0630530973451,83.0630530973451,83.1,"L","L","L",11,40.704376471755,85,85,357847.710022386,"NearNatural","NearNatural","NearNatural","B","B","B"
"28",56,"Cool Temperate Large Temporarily Closed",28,18.9941409722222,-34.34544,"Palmiet","1 Cool Temperate - Large Temporarily Closed","C-LTC","aCTemp",44.5803530521,65.525,67.725,67.725,"VH","L","L",12,67.6491350462843,60,80,441928.478983781,"Moderate","Moderate","Moderate","C","C","C"
"29",57,"Cool Temperate Estuarine Lake",29,19.0971319722222,-34.368431,"Bot/Kleinmond","1 Cool Temperate - Estuarine Lake","C-EL","aCTemp",2346.3013478094,71.8,71.325,60.625,"VH","VH","VH",12,67.6491350462843,50,50,23458771.2543979,"Moderate","Moderate","Moderate","C","C","C"
"30",58,"Cool Temperate Small Temporarily Closed",30,19.178692,-34.418652,"Onrus","1 Cool Temperate - Small Temporarily Closed","C-STC","aCTemp",30.7737679455,56.5,56.5,38.55,"L","L","L",12,67.6491350462843,50,50,307737.733021676,"Severely","Heavily","Heavily","E","D","D"
"31",60,"Cool Temperate Estuarine Lake",31,19.2981589722222,-34.4206538888889,"Klein","1 Cool Temperate - Estuarine Lake","C-EL","aCTemp",2209.989810701,63.4,64.425,69.625,"VH","VH","H",12,67.6491350462843,50,50,20654759.4852054,"Moderate","Moderate","Moderate","C","C","C"
"32",61,"Cool Temperate Predominantly Open",32,19.4076349722222,-34.6075488888889,"Uilkraals","1 Cool Temperate - Predominantly Open","C-PO","aCTemp",942.5687746528,52.1,54.075,54.75,"M","M","M",13,51.114156850053,52,52,7477082.96370488,"Heavily","Heavily","Heavily","D","D","D"
"33",63,"Cool Temperate Small Temporarily Closed",33,19.746506,-34.7710188888889,"Ratel","1 Cool Temperate - Small Temporarily Closed","C-STC","aCTemp",39.0767265254,85.225,86.225,71.475,"L","L","L",13,51.114156850053,85,85,358815.816564471,"Moderate","NearNatural","NearNatural","C","B","B"
"34",65,"Warm Temperate Estuarine Lake",34,20.119246,-34.71479,"Heuningnes","2 Warm Temperate - Estuarine Lake","W-EL","bWTemp",11031.3167862602,59.4487675608405,59.7237675608405,59.025,"H","M","M",14,59.9701570403848,45,50,109936864.335156,"Heavily","Moderate","Heavily","D","C","D"
"35",66,"Warm Temperate Small Temporarily Closed",35,20.7313319722222,-34.451906,"Klipdrifsfontein","2 Warm Temperate - Small Temporarily Closed","W-STC","bWTemp",6.70064063963,93.4588235294118,97.6838235294118,96.175,"L","L","L",14,59.9701570403848,95,100,67006.0250098144,"Natural","Natural","Natural","A","A","A"
"36",68,"Warm Temperate Predominantly Open",36,20.8453319722222,-34.4074338888889,"Breede","2 Warm Temperate - Predominantly Open","W-PO","bWTemp",2275.560036671,79.375,81,78,"H","H","H",15,76.8856133052417,65,80,22576399.5711434,"NearNatural","NearNatural","NearNatural","B","B","B"
"37",69,"Warm Temperate Predominantly Open",37,21.001182,-34.3650297222222,"Duiwenhoks","2 Warm Temperate - Predominantly Open","W-PO","bWTemp",468.9252571676,72.075,72.1,81.725,"H","H","H",15,76.8856133052417,70,70,4414480.1443151,"NearNatural","Moderate","Moderate","B","C","C"
"38",70,"Warm Temperate Predominantly Open",38,21.423527,-34.3783519444444,"Goukou","2 Warm Temperate - Predominantly Open","W-PO","bWTemp",456.9236680211,69.425,69.425,71.1,"H","H","H",15,76.8856133052417,75,75,4386843.72740172,"Moderate","Moderate","Moderate","C","C","C"
"39",71,"Warm Temperate Predominantly Open",39,21.885904,-34.3453408333333,"Gouritz","2 Warm Temperate - Predominantly Open","W-PO","bWTemp",1124.3395247241,60.525,60.975,71,"VH","H","H",16,59.3333629297127,55,60,10997423.4065439,"Moderate","Moderate","Moderate","C","C","C"
"40",72,"Warm Temperate Small Temporarily Closed",40,22.012947,-34.21085,"Blinde","2 Warm Temperate - Small Temporarily Closed","W-STC","bWTemp",20.01154488514,66.55,69.05,76.85,"L","L","L",16,59.3333629297127,35,35,198586.599181982,"NearNatural","Moderate","Moderate","B","C","C"
"41",73,"Warm Temperate Small Temporarily Closed",41,22.1116972222222,-34.1515305555556,"Tweekuilen","2 Warm Temperate - Small Temporarily Closed","W-STC","bWTemp",23.496151421,38.8,38.8,39,"L","L","L",16,59.3333629297127,40,40,232025.143728026,"Severely","Severely","Severely","E","E","E"
"42",74,"Warm Temperate Small Temporarily Closed",42,22.1104166666667,-34.1439861111111,"Gericke","2 Warm Temperate - Small Temporarily Closed","W-STC","bWTemp",9.26838612158,38.85,38.85,39,"L","L","L",16,59.3333629297127,35,35,87268.3535397951,"Severely","Severely","Severely","E","E","E"
"43",75,"Warm Temperate Large Temporarily Closed",43,22.125782,-34.115112,"Hartenbos","2 Warm Temperate - Large Temporarily Closed","W-LTC","bWTemp",307.1498532737,42.5193214106636,50.8193214106635,40.9,"L","L","L",16,59.3333629297127,15,55,3060774.75095781,"Heavily","Heavily","Heavily","D","D","D"
"44",76,"Warm Temperate Large Temporarily Closed",44,22.148586,-34.09293,"Klein Brak","2 Warm Temperate - Large Temporarily Closed","W-LTC","bWTemp",1024.2879517171,60,60.5,71.75,"H","M","M",16,59.3333629297127,55,60,10216880.7786419,"Moderate","Moderate","Moderate","C","C","C"
"45",77,"Warm Temperate Large Temporarily Closed",45,22.2392919722222,-34.057254,"Groot Brak","2 Warm Temperate - Large Temporarily Closed","W-LTC","bWTemp",335.1921119607,57.825,57.825,58,"M","M","M",17,76.5471297912116,40,40,3180538.29884999,"Heavily","Heavily","Heavily","D","D","D"
"46",79,"Warm Temperate Large Temporarily Closed",46,22.3544389722222,-34.0543899722222,"Maalgate","2 Warm Temperate - Large Temporarily Closed","W-LTC","bWTemp",34.4173485777,76.3231376985804,78.3231376985804,86.125,"L","L","L",17,76.5471297912116,95,95,344173.360945404,"NearNatural","NearNatural","NearNatural","B","B","B"
"47",80,"Warm Temperate Small Temporarily Closed",47,22.4341389972222,-34.0564689722222,"Gwaing","2 Warm Temperate - Small Temporarily Closed","W-STC","bWTemp",21.81959042937,72.1427809316897,72.1427809316897,77,"L","L","L",17,76.5471297912116,50,50,218195.901428095,"NearNatural","Moderate","Moderate","B","C","C"
"48",84,"Warm Temperate Predominantly Open",48,22.5570559722222,-33.9978138888889,"Kaaimans","2 Warm Temperate - Predominantly Open","W-PO","bWTemp",40.5784311034,80.2534422015129,81.7534422015129,83.5,"L","L","L",17,76.5471297912116,85,90,405784.219528997,"NearNatural","NearNatural","NearNatural","B","B","B"
"49",85,"Warm Temperate Estuarine Lake",49,22.5811269722222,-33.9957577777778,"Touw/Wilderness","2 Warm Temperate - Estuarine Lake","W-EL","bWTemp",1180.4311751938,71.3,73.075,75.8,"M","L","L",17,76.5471297912116,50,63.75,11804311.7105718,"NearNatural","Moderate","Moderate","B","C","C"
"50",86,"Warm Temperate Estuarine Lake",50,22.7962559722222,-34.031516,"Swartvlei","2 Warm Temperate - Estuarine Lake","W-EL","bWTemp",2176.9535192924,76.6,77.85,78,"M","L","L",17,76.5471297912116,65,75,21682393.4635039,"NearNatural","NearNatural","NearNatural","B","B","B"
"51",87,"Warm Temperate Large Temporarily Closed",51,22.9491349722222,-34.0771609722222,"Goukamma","2 Warm Temperate - Large Temporarily Closed","W-LTC","bWTemp",300.034003051,86.225,87.225,88,"M","M","M",17,76.5471297912116,90,90,2992082.26703028,"NearNatural","NearNatural","NearNatural","B","B","B"
"52",88,"Warm Temperate Estuarine Bay",52,23.061453,-34.082706,"Knysna","2 Warm Temperate - Estuarine Bay","W-EB","bWTemp",3010.5648309744,78.025,78,78,"H","H","H",17,76.5471297912116,60,60,30105647.1283708,"NearNatural","NearNatural","NearNatural","B","B","B"
"53",89,"Warm Temperate Small Temporarily Closed",53,23.1291539722222,-34.080302,"Noetsie","2 Warm Temperate - Small Temporarily Closed","W-STC","bWTemp",50.6208199973,84.725,85.725,82.75,"L","L","L",18,86.2646028214276,95,95,506208.184955709,"NearNatural","NearNatural","NearNatural","B","B","B"
"54",93,"Warm Temperate Large Temporarily Closed",54,23.3787619722222,-34.060465,"Piesang","2 Warm Temperate - Large Temporarily Closed","W-LTC","bWTemp",87.3876131153,51.6542813122982,51.4292813122982,61.525,"L","L","L",18,86.2646028214276,65,65,873463.34383077,"Moderate","Heavily","Heavily","C","D","D"
"55",94,"Warm Temperate Predominantly Open",55,23.378187,-34.0498499722222,"Keurbooms","2 Warm Temperate - Predominantly Open","W-PO","bWTemp",1631.253064757,87.4,87.95,91,"M","L","L",18,86.2646028214276,70,75,16238354.2512423,"Natural","NearNatural","NearNatural","A","B","B"
"56",95,"Warm Temperate Small Temporarily Closed",56,23.470182,-34.0019649972222,"Matjies","2 Warm Temperate - Small Temporarily Closed","W-STC","bWTemp",12.07262978647,87.25,88.25,89,"L","L","L",18,86.2646028214276,95,95,120726.316623651,"NearNatural","NearNatural","NearNatural","B","B","B"
"57",97,"Warm Temperate Predominantly Open",57,23.536543,-33.9895019444444,"Sout (Oos)","2 Warm Temperate - Predominantly Open","W-PO","bWTemp",24.1249672848,93.75,95.25,95,"L","L","L",18,86.2646028214276,90,90,241249.712376944,"Natural","Natural","Natural","A","A","A"
"58",98,"Warm Temperate Small Temporarily Closed",58,23.5691799972222,-33.9817808333333,"Groot (Wes)","2 Warm Temperate - Small Temporarily Closed","W-STC","bWTemp",104.0599923995,85.4193556720053,86.4193556720053,76.125,"L","L","L",18,86.2646028214276,80,80,999891.016147197,"NearNatural","NearNatural","NearNatural","B","B","B"
"59",101,"Warm Temperate Small Fluvially Dominated",59,23.647469,-33.9796447222222,"Bloukrans","2 Warm Temperate - Small Fluvially Dominated","W-SFD","bWTemp",15.33347125172,95.3237168683377,96.8237168683377,92.325,"L","L","L",18,86.2646028214276,90,90,153334.733164595,"Natural","Natural","Natural","A","A","A"
"60",103,"Warm Temperate Small Fluvially Dominated",60,23.7359499972222,-33.99551,"Lottering","2 Warm Temperate - Small Fluvially Dominated","W-SFD","bWTemp",11.23125475195,92.4820105913541,94.7320105913541,91.45,"L","L","L",18,86.2646028214276,85,90,112312.550731329,"Natural","Natural","Natural","A","A","A"
"61",104,"Warm Temperate Small Fluvially Dominated",61,23.767942,-34.0035129722222,"Elandsbos","2 Warm Temperate - Small Fluvially Dominated","W-SFD","bWTemp",22.09604512628,91.7606471132801,94.0106471132801,90.9,"L","L","L",18,86.2646028214276,85,90,220960.462371377,"Natural","Natural","Natural","A","A","A"
"62",107,"Warm Temperate Small Fluvially Dominated",62,23.902988,-34.020974,"Storms","2 Warm Temperate - Small Fluvially Dominated","W-SFD","bWTemp",12.379830068,91.2148438512409,93.4648438512409,90.275,"L","L","L",19,75.9608259188482,85,90,123798.313152665,"Natural","Natural","Natural","A","A","A"
"63",111,"Warm Temperate Small Fluvially Dominated",63,24.079086,-34.0439829722222,"Elands","2 Warm Temperate - Small Fluvially Dominated","W-SFD","bWTemp",31.0894227962,89.2040189595638,93.1790189595638,86.775,"L","L","L",19,75.9608259188482,85,90,310894.201548768,"NearNatural","Natural","NearNatural","B","A","B"
"64",112,"Warm Temperate Small Fluvially Dominated",64,24.1950189722222,-34.0598949722222,"Groot (Oos)","2 Warm Temperate - Small Fluvially Dominated","W-SFD","bWTemp",30.3058021108,89.994501654834,89.519501654834,78.95,"L","L","L",19,75.9608259188482,85,85,303058.037604517,"NearNatural","Natural","Natural","B","A","A"
"65",117,"Warm Temperate Small Temporarily Closed",65,24.438326,-34.135593,"Tsitsikamma","2 Warm Temperate - Small Temporarily Closed","W-STC","bWTemp",67.4150283259,76.85,80,80,"H","L","L",19,75.9608259188482,75,90,674150.307330798,"NearNatural","NearNatural","NearNatural","B","B","B"
"66",118,"Warm Temperate Small Temporarily Closed",66,24.637049,-34.1723669444444,"Klipdrif (Oos)","2 Warm Temperate - Small Temporarily Closed","W-STC","bWTemp",73.8952486481,69.4,76.8911764705882,55.375,"L","L","L",19,75.9608259188482,55,55,668059.3935887,"Heavily","NearNatural","Moderate","D","B","C"
"67",119,"Warm Temperate Small Temporarily Closed",67,24.6537019722222,-34.1741288888889,"Slang","2 Warm Temperate - Small Temporarily Closed","W-STC","bWTemp",43.2035462148,62.05,61.3,51.625,"L","L","L",19,75.9608259188482,45,45,428406.650096076,"Heavily","Moderate","Moderate","D","C","C"
"68",120,"Warm Temperate Predominantly Open",68,24.842728,-34.1429669722222,"Kromme","2 Warm Temperate - Predominantly Open","W-PO","bWTemp",767.2985857828,59.875,49.4625,49,"VH","H","H",20,57.5668214195842,50,40,7554588.82354549,"Heavily","Heavily","Moderate","D","D","C"
"69",121,"Warm Temperate Large Temporarily Closed",69,24.910743,-34.0866699722222,"Seekoei","2 Warm Temperate - Large Temporarily Closed","W-LTC","bWTemp",325.9360610372,42.15,42.325,42,"L","L","L",20,57.5668214195842,35,35,3224298.39893983,"Heavily","Heavily","Heavily","D","D","D"
"70",123,"Warm Temperate Large Temporarily Closed",70,24.932503,-34.0088069722222,"Kabeljous","2 Warm Temperate - Large Temporarily Closed","W-LTC","bWTemp",362.5692586532,78.2666666666667,69.4990842911877,69.1,"VH","L","L",20,57.5668214195842,70,65,3118571.38274889,"Moderate","Moderate","NearNatural","C","C","B"
"71",124,"Warm Temperate Predominantly Open",71,25.034714,-33.9704247222222,"Gamtoos","2 Warm Temperate - Predominantly Open","W-PO","bWTemp",2134.7538038,53.925,75.130507855917,73.575,"VH","H","H",20,57.5668214195842,55,75,21333840.5636108,"Moderate","NearNatural","Heavily","C","B","D"
"72",125,"Warm Temperate Large Temporarily Closed",72,25.2203459722222,-33.9705538888889,"Van Stadens","2 Warm Temperate - Large Temporarily Closed","W-LTC","bWTemp",101.7570519147,78.9763880409491,81.6063880409491,77.5,"L","L","L",20,57.5668214195842,85,85,1017569.04602681,"NearNatural","NearNatural","NearNatural","B","B","B"
"73",126,"Warm Temperate Large Temporarily Closed",73,25.2919519722222,-33.9880369444444,"Maitland","2 Warm Temperate - Large Temporarily Closed","W-LTC","bWTemp",67.6223983047,77.4496726792101,77.8546726792101,70.6,"L","L","L",20,57.5668214195842,75,75,676224.02331402,"Moderate","NearNatural","NearNatural","C","B","B"
"74",127,"Warm Temperate Small Temporarily Closed",74,25.630013,-33.9637297222222,"Baakens","2 Warm Temperate - Small Temporarily Closed","W-STC","bWTemp",13.45920401614,21.1525547445255,23.7025547445255,25.4,"L","L","L",21,46.5830566251599,15,15,134592.036284557,"Severely","Severely","Severely","E","E","E"
"75",128,"Warm Temperate Small Temporarily Closed",75,25.613886,-33.917293,"Papkuils","2 Warm Temperate - Small Temporarily Closed","W-STC","bWTemp",80.4275510301,14.5171844131758,14.5171844131758,12.65,"L","L","L",21,46.5830566251599,0,0,804275.473919714,"Severely","Severely","Severely","E","E","E"
"76",129,"Warm Temperate Predominantly Open",76,25.6330449722222,-33.8662447222222,"Swartkops","2 Warm Temperate - Predominantly Open","W-PO","bWTemp",2860.9820933741,46.925,52.9924629678953,61.7,"VH","H","H",21,46.5830566251599,40,40,28609820.9135771,"Moderate","Heavily","Heavily","C","D","D"
"77",130,"Warm Temperate Large Temporarily Closed",77,25.690739,-33.79538,"Coega (Ngqurha)","2 Warm Temperate - Large Temporarily Closed","W-LTC","bWTemp",443.4697046942,22.226962962963,23.856962962963,17.375,"L","L","L",21,46.5830566251599,5,5,4434697.00450157,"Severely","Severely","Severely","E","E","E"
"78",131,"Warm Temperate Predominantly Open",78,25.853725,-33.7218358333333,"Sundays","2 Warm Temperate - Predominantly Open","W-PO","bWTemp",823.960453553,62.05,66.175,66.175,"VH","H","H",21,46.5830566251599,40,70,8239605.99732661,"Moderate","Moderate","Moderate","C","C","C"
"79",132,"Warm Temperate Small Temporarily Closed",79,26.586261,-33.7271727777778,"Boknes","2 Warm Temperate - Small Temporarily Closed","W-STC","bWTemp",47.4786166467,66.6500692520776,69.6250692520776,72,"L","L","L",22,73.3089072304155,70,70,474786.169721512,"Moderate","Moderate","Moderate","C","C","C"
"80",133,"Warm Temperate Predominantly Open",80,26.663622,-33.6949158333333,"Bushmans","2 Warm Temperate - Predominantly Open","W-PO","bWTemp",888.8300520387,72.025,77.95,74.25,"H","H","H",22,73.3089072304155,75,80,8888300.73374787,"Moderate","NearNatural","Moderate","C","B","C"
"81",134,"Warm Temperate Predominantly Open",81,26.686399,-33.6827708333333,"Kariega","2 Warm Temperate - Predominantly Open","W-PO","bWTemp",559.0062516524,67.5875,68.7125864453665,71.025,"VH","M","L",22,73.3089072304155,70,60,5590061.59625372,"Moderate","Moderate","Moderate","C","C","C"
"82",135,"Warm Temperate Small Temporarily Closed",82,26.70302,-33.6695588888889,"Grant's","2 Warm Temperate - Small Temporarily Closed","W-STC","bWTemp",16.29659832782,67.445,67.695,67,"L","L","L",22,73.3089072304155,65,65,162965.984808337,"Moderate","Moderate","Moderate","C","C","C"
"83",136,"Warm Temperate Large Temporarily Closed",83,26.735298,-33.6540947222222,"Kasouga","2 Warm Temperate - Large Temporarily Closed","W-LTC","bWTemp",247.6148201382,84.37,87.75,84.225,"M","L","L",22,73.3089072304155,80,85,2476318.36475594,"NearNatural","NearNatural","NearNatural","B","B","B"
"84",138,"Warm Temperate Predominantly Open",84,26.901634,-33.6036258333333,"Kowie","2 Warm Temperate - Predominantly Open","W-PO","bWTemp",484.93172803052,68.7401458814392,71.3061077886355,70.35,"VH","H","H",22,73.3089072304155,55,65,4849317.4844087,"Moderate","Moderate","Moderate","C","C","C"
"85",139,"Warm Temperate Small Temporarily Closed",85,26.9358269972222,-33.5808319444444,"Rufane","2 Warm Temperate - Small Temporarily Closed","W-STC","bWTemp",24.6531345621,67.77,69.4,60.75,"L","L","L",22,73.3089072304155,65,65,246531.342450697,"Moderate","Moderate","Moderate","C","C","C"
"86",140,"Warm Temperate Small Temporarily Closed",86,27.0138519722222,-33.5612027777778,"Riet","2 Warm Temperate - Small Temporarily Closed","W-STC","bWTemp",40.3405922506,85.975,87.85,87,"L","L","L",22,73.3089072304155,85,85,403405.912742727,"NearNatural","NearNatural","NearNatural","B","B","B"
"87",141,"Warm Temperate Large Temporarily Closed",87,27.0461519722222,-33.5413458333333,"West Kleinemonde","2 Warm Temperate - Large Temporarily Closed","W-LTC","bWTemp",224.2065621387,84.9999091515253,87.1299091515253,85.5,"L","L","L",22,73.3089072304155,85,85,2242065.58081131,"NearNatural","NearNatural","NearNatural","B","B","B"
"88",142,"Warm Temperate Large Temporarily Closed",88,27.0493249722222,-33.5390258333333,"East Kleinemonde","2 Warm Temperate - Large Temporarily Closed","W-LTC","bWTemp",100.8696603879,85.525,86.5,87,"L","L","L",22,73.3089072304155,85,90,1008696.61706488,"NearNatural","NearNatural","NearNatural","B","B","B"
"89",144,"Warm Temperate Predominantly Open",89,27.140684,-33.4952277777778,"Great Fish","2 Warm Temperate - Predominantly Open","W-PO","bWTemp",524.2789512219,71.15,70.7,73.8,"VH","H","H",23,74.5466017575052,60,70,5198832.0267992,"Moderate","Moderate","Moderate","C","C","C"
"90",145,"Warm Temperate Large Temporarily Closed",90,27.14807,-33.4827708333333,"Old Woman’s","2 Warm Temperate - Large Temporarily Closed","W-LTC","bWTemp",23.30766753467,74.0744150692072,66.3744150692072,74.1,"L","L","L",23,74.5466017575052,70,45,233076.681669985,"Moderate","Moderate","Moderate","C","C","C"
"91",147,"Warm Temperate Large Temporarily Closed",91,27.231176,-33.4380119444444,"Mpekweni","2 Warm Temperate - Large Temporarily Closed","W-LTC","bWTemp",83.059318889,79.3722101133392,80.3722101133392,79.9,"M","M","M",23,74.5466017575052,80,80,830593.267336936,"NearNatural","NearNatural","NearNatural","B","B","B"
"92",148,"Warm Temperate Large Temporarily Closed",92,27.2590719722222,-33.4228777777778,"Mtati (Mthathi)","2 Warm Temperate - Large Temporarily Closed","W-LTC","bWTemp",142.0938153728,81.6094974290927,82.8594974290927,85.1,"L","L","L",23,74.5466017575052,85,85,1420938.17661934,"NearNatural","NearNatural","NearNatural","B","B","B"
"93",149,"Warm Temperate Large Temporarily Closed",93,27.274214,-33.4130238888889,"Mgwalana","2 Warm Temperate - Large Temporarily Closed","W-LTC","bWTemp",216.8509372912,81.4388416100007,82.6888416100007,85.1,"L","L","L",23,74.5466017575052,85,85,2168509.2042471,"NearNatural","NearNatural","NearNatural","B","B","B"
"94",150,"Warm Temperate Large Temporarily Closed",94,27.326031,-33.38376,"Bira (Bhirha)","2 Warm Temperate - Large Temporarily Closed","W-LTC","bWTemp",270.598018033,81.1585929041393,83.5335929041393,89.575,"L","L","L",23,74.5466017575052,85,85,2705980.20637536,"Natural","NearNatural","NearNatural","A","B","B"
"95",151,"Warm Temperate Large Temporarily Closed",95,27.358079,-33.3625,"Gqutywa","2 Warm Temperate - Large Temporarily Closed","W-LTC","bWTemp",105.3968945752,82.3062154443265,84.6812154443265,84,"L","L","L",23,74.5466017575052,85,85,1053968.9074003,"NearNatural","NearNatural","NearNatural","B","B","B"
"96",152,"Warm Temperate Small Temporarily Closed",96,27.367916,-33.3580769444444,"Ngculura (Ngculurha)","2 Warm Temperate - Small Temporarily Closed","W-STC","bWTemp",36.5994128286,78.4598846274842,79.7098846274842,81.525,"L","L","L",23,74.5466017575052,65,65,365994.122634312,"NearNatural","NearNatural","NearNatural","B","B","B"
"97",155,"Warm Temperate Small Temporarily Closed",97,27.432165,-33.3186049722222,"Mtana","2 Warm Temperate - Small Temporarily Closed","W-STC","bWTemp",81.1695249367,86.2832706766917,87.5332706766917,83.825,"L","L","L",23,74.5466017575052,85,85,811695.283473898,"NearNatural","NearNatural","NearNatural","B","B","B"
"98",156,"Warm Temperate Predominantly Open",98,27.491233,-33.28148,"Keiskamma","2 Warm Temperate - Predominantly Open","W-PO","bWTemp",1401.9521466173,66.83045142464,75.925,75,"VH","H","H",23,74.5466017575052,60,60,14019521.7751702,"NearNatural","NearNatural","Moderate","B","B","C"
"99",158,"Warm Temperate Small Temporarily Closed",99,27.527936,-33.2527389722222,"Nqinisa","2 Warm Temperate - Small Temporarily Closed","W-STC","bWTemp",54.2974434365,90.575,91.825,86.65,"L","L","L",23,74.5466017575052,80,80,542974.425187221,"NearNatural","Natural","Natural","B","A","A"
"100",159,"Warm Temperate Large Temporarily Closed",100,27.543167,-33.2483019444444,"Kiwane (Khiwane)","2 Warm Temperate - Large Temporarily Closed","W-LTC","bWTemp",87.0247760467,90.5461263608658,91.7961263608658,89.5,"L","L","L",23,74.5466017575052,80,80,870467.330709701,"Natural","Natural","Natural","A","A","A"
"101",160,"Warm Temperate Large Temporarily Closed",101,27.583421,-33.2257719444444,"Tyolomnqa","2 Warm Temperate - Large Temporarily Closed","W-LTC","bWTemp",207.6132775783,84.2848089300284,87.724613853289,83.25,"VH","H","M",23,74.5466017575052,65,70,2076132.68884608,"NearNatural","NearNatural","NearNatural","B","B","B"
"102",161,"Warm Temperate Small Temporarily Closed",102,27.6156639722222,-33.2070908333333,"Shelbertsstroom","2 Warm Temperate - Small Temporarily Closed","W-STC","bWTemp",14.96628347222,77.42,77.325,74.5,"L","L","L",23,74.5466017575052,70,70,149662.917264212,"Moderate","NearNatural","NearNatural","C","B","B"
"103",162,"Warm Temperate Small Temporarily Closed",103,27.6369089722222,-33.1928527777778,"Lilyvale","2 Warm Temperate - Small Temporarily Closed","W-STC","bWTemp",33.65770356953,79.3116546112116,81.0916546112116,75.275,"L","L","L",23,74.5466017575052,85,85,336577.034338678,"NearNatural","NearNatural","NearNatural","B","B","B"
"104",163,"Warm Temperate Small Temporarily Closed",104,27.657672,-33.1767569444444,"Ross' Creek","2 Warm Temperate - Small Temporarily Closed","W-STC","bWTemp",13.01565872946,85.795,88.475,80.45,"L","L","L",23,74.5466017575052,85,85,130156.555264169,"NearNatural","NearNatural","NearNatural","B","B","B"
"105",164,"Warm Temperate Large Temporarily Closed",105,27.668206,-33.1701158333333,"Ncera (Ncerha)","2 Warm Temperate - Large Temporarily Closed","W-LTC","bWTemp",77.8705957783,85.9987757104342,86.6237757104342,83.825,"L","L","L",23,74.5466017575052,85,85,778705.830758269,"NearNatural","NearNatural","NearNatural","B","B","B"
"106",165,"Warm Temperate Small Temporarily Closed",106,27.6799619722222,-33.1597119444444,"Mlele","2 Warm Temperate - Small Temporarily Closed","W-STC","bWTemp",20.16356623505,77.6604181582274,80.0654181582274,77.65,"L","L","L",23,74.5466017575052,75,85,201635.649368125,"NearNatural","NearNatural","NearNatural","B","B","B"
"107",166,"Warm Temperate Small Temporarily Closed",107,27.7019769972222,-33.1455088888889,"Mcantsi","2 Warm Temperate - Small Temporarily Closed","W-STC","bWTemp",31.8129932692,68.2124807392114,82.0124807392114,74.95,"L","L","L",23,74.5466017575052,65,85,318129.939474105,"NearNatural","NearNatural","Moderate","B","B","C"
"108",167,"Warm Temperate Large Temporarily Closed",108,27.7314909722222,-33.1189049722222,"Gxulu","2 Warm Temperate - Large Temporarily Closed","W-LTC","bWTemp",106.5659135713,73.6595708532302,76.2895708532302,80.15,"L","L","L",23,74.5466017575052,65,75,1065659.03793186,"NearNatural","NearNatural","Moderate","B","B","C"
"109",168,"Warm Temperate Large Temporarily Closed",109,27.775033,-33.1010899722222,"Goda","2 Warm Temperate - Large Temporarily Closed","W-LTC","bWTemp",51.9099234911,84.0775095276591,85.9825095276591,86.125,"L","L","L",23,74.5466017575052,85,90,519099.223534743,"NearNatural","NearNatural","NearNatural","B","B","B"
"110",169,"Warm Temperate Small Temporarily Closed",110,27.811883,-33.0855969722222,"Hlozi","2 Warm Temperate - Small Temporarily Closed","W-STC","bWTemp",40.9490719991,84.7512993703492,84.4312993703492,83.375,"L","L","L",23,74.5466017575052,85,85,409490.755847003,"NearNatural","NearNatural","NearNatural","B","B","B"
"111",170,"Warm Temperate Small Temporarily Closed",111,27.8396879722222,-33.0708288888889,"Hickman's","2 Warm Temperate - Small Temporarily Closed","W-STC","bWTemp",25.87429989107,66.9,83.9744208816199,84.7,"L","L","L",23,74.5466017575052,65,75,258742.981595697,"NearNatural","NearNatural","Moderate","B","B","C"
"112",173,"Warm Temperate Predominantly Open",112,27.916318,-33.0267988888889,"Buffalo","2 Warm Temperate - Predominantly Open","W-PO","bWTemp",137.542511244,40.1,48.625,59.05,"VH","H","L",24,76.9946488948117,40,45,1375425.16633214,"Heavily","Heavily","Heavily","D","D","D"
"113",174,"Warm Temperate Small Temporarily Closed",113,27.9276939722222,-33.0069444444444,"Blind","2 Warm Temperate - Small Temporarily Closed","W-STC","bWTemp",14.30340953292,53.6,56.4,66.8,"L","L","L",24,76.9946488948117,45,55,143034.097321361,"Moderate","Heavily","Heavily","C","D","D"
"114",175,"Warm Temperate Small Temporarily Closed",114,27.949356,-32.9892308333333,"Hlaze (iHlanze)","2 Warm Temperate - Small Temporarily Closed","W-STC","bWTemp",7.86347492102,51.65,59.6,74.75,"L","L","L",24,76.9946488948117,45,65,78634.7557224621,"NearNatural","Moderate","Heavily","B","C","D"
"115",176,"Warm Temperate Predominantly Open",115,27.9517039972222,-32.9864377777778,"Nahoon","2 Warm Temperate - Predominantly Open","W-PO","bWTemp",178.5132987146,60.27040875,70.125,66.625,"VH","H","H",24,76.9946488948117,50,55,1785132.27273204,"Moderate","Moderate","Moderate","C","C","C"
"116",177,"Warm Temperate Large Temporarily Closed",116,27.9648329722222,-32.9742027777778,"Qinira (Quinirha)","2 Warm Temperate - Large Temporarily Closed","W-LTC","bWTemp",110.7338595339,78.5420517833867,77.525462140064,76.45,"H","M","M",24,76.9946488948117,55,65,1107338.91252358,"NearNatural","NearNatural","NearNatural","B","B","B"
"117",178,"Warm Temperate Predominantly Open",117,28.0348989972222,-32.9338759722222,"Gqunube","2 Warm Temperate - Predominantly Open","W-PO","bWTemp",176.2817262844,77.8951246482334,82.2041495778801,78.25,"H","M","M",24,76.9946488948117,55,70,1762817.1575067,"NearNatural","NearNatural","NearNatural","B","B","B"
"118",180,"Warm Temperate Predominantly Open",118,28.077002,-32.9073597222222,"Kwelera (Kwelerha)","2 Warm Temperate - Predominantly Open","W-PO","bWTemp",121.5511579852,83.3847166202561,84.1347166202561,84.375,"H","H","H",24,76.9946488948117,70,70,1215511.6578943,"NearNatural","NearNatural","NearNatural","B","B","B"
"119",181,"Warm Temperate Large Temporarily Closed",119,28.093391,-32.8913347222222,"Bulura (Bulurha)","2 Warm Temperate - Large Temporarily Closed","W-LTC","bWTemp",135.4464771722,84.8435672021384,83.8685672021384,80.975,"H","H","H",24,76.9946488948117,65,65,1354463.12687732,"NearNatural","NearNatural","NearNatural","B","B","B"
"120",183,"Warm Temperate Small Temporarily Closed",120,28.1104239722222,-32.8608769444444,"Cunge","2 Warm Temperate - Small Temporarily Closed","W-STC","bWTemp",8.713317600071,89.15,90.4,90.125,"L","L","L",24,76.9946488948117,85,85,87133.1893874371,"Natural","Natural","NearNatural","A","A","B"
"121",184,"Warm Temperate Large Temporarily Closed",121,28.1170439972222,-32.8314319444444,"Cintsa","2 Warm Temperate - Large Temporarily Closed","W-LTC","bWTemp",122.6058125995,79.6883116232465,80.6883116232465,71.475,"M","M","L",24,76.9946488948117,70,70,1226058.10212394,"Moderate","NearNatural","NearNatural","C","B","B"
"122",185,"Warm Temperate Large Temporarily Closed",122,28.137098,-32.8094638888889,"Cefane","2 Warm Temperate - Large Temporarily Closed","W-LTC","bWTemp",176.4944869796,85.3367405063291,86.3367405063291,86.8,"M","M","L",24,76.9946488948117,80,80,1764944.77084645,"NearNatural","NearNatural","NearNatural","B","B","B"
"123",186,"Warm Temperate Large Temporarily Closed",123,28.151588,-32.7987747222222,"Kwenxura (Kwenxurha)","2 Warm Temperate - Large Temporarily Closed","W-LTC","bWTemp",126.1232498294,89.9845002465191,91.4845002465191,89.5,"M","M","L",24,76.9946488948117,80,80,1261232.45110134,"Natural","Natural","Natural","A","A","A"
"124",187,"Warm Temperate Large Temporarily Closed",124,28.1820169722222,-32.7852299722222,"Nyara (Nyarha)","2 Warm Temperate - Large Temporarily Closed","W-LTC","bWTemp",55.2959582253,88.8609848179304,91.2359848179304,91.225,"L","L","L",24,76.9946488948117,85,85,552959.522439019,"Natural","Natural","NearNatural","A","A","B"
"125",189,"Warm Temperate Small Temporarily Closed",125,28.2369759722222,-32.7700369444444,"Imtwendwe (Mtwendwe)","2 Warm Temperate - Small Temporarily Closed","W-STC","bWTemp",15.86854357783,90.1189431171031,91.3689431171031,87.375,"L","L","L",24,76.9946488948117,85,85,158685.439573993,"NearNatural","Natural","Natural","B","A","A"
"126",190,"Warm Temperate Small Temporarily Closed",126,28.2531849722222,-32.7619169444444,"Haga-haga","2 Warm Temperate - Small Temporarily Closed","W-STC","bWTemp",25.5190300853,87.883457183152,89.133457183152,84.5,"L","L","L",24,76.9946488948117,85,85,255190.335199692,"NearNatural","NearNatural","NearNatural","B","B","B"
"127",192,"Warm Temperate Small Temporarily Closed",127,28.285847,-32.7407877777778,"Mtendwe","2 Warm Temperate - Small Temporarily Closed","W-STC","bWTemp",17.13533690812,88.8016922692644,91.7766922692644,84.375,"L","L","L",24,76.9946488948117,85,85,171353.352994216,"NearNatural","Natural","NearNatural","B","A","B"
"128",194,"Warm Temperate Large Temporarily Closed",128,28.3095379722222,-32.7256397222222,"Quko","2 Warm Temperate - Large Temporarily Closed","W-LTC","bWTemp",102.0789426367,90.8757566568478,93.6257566568478,90.375,"L","L","L",24,76.9946488948117,85,95,1020789.44026708,"Natural","Natural","Natural","A","A","A"
"129",195,"Warm Temperate Large Temporarily Closed",129,28.3440469722222,-32.7085969444444,"Morgan","2 Warm Temperate - Large Temporarily Closed","W-LTC","bWTemp",83.496678006,82.5534656258817,81.3034656258817,73.7,"H","H","L",24,76.9946488948117,70,70,834966.700835873,"Moderate","NearNatural","NearNatural","C","B","B"
"130",196,"Warm Temperate Small Temporarily Closed",130,28.3737369722222,-32.6908927777778,"Cwili","2 Warm Temperate - Small Temporarily Closed","W-STC","bWTemp",14.72332459769,86.1528522920204,87.5278522920204,83.45,"L","L","L",24,76.9946488948117,85,85,147233.247486243,"NearNatural","NearNatural","NearNatural","B","B","B"
"131",197,"Warm Temperate Large Fluvially Dominated",131,28.385964,-32.6798869444444,"Great Kei","2 Warm Temperate - Large Fluvially Dominated","W-LFD","bWTemp",572.5820879385,68.2083333333333,72.8613006645051,69.625,"VH","H","H",24,76.9946488948117,70,60,5725821.12925239,"Moderate","Moderate","Moderate","C","C","C"
"132",198,"Warm Temperate Large Temporarily Closed",132,28.3991299722222,-32.6661577777778,"Gxara (Gxarha)","2 Warm Temperate - Large Temporarily Closed","W-LTC","bWTemp",68.4757823101,89.1351045296167,88.6601045296167,87.1,"L","L","L",24,76.9946488948117,85,85,684757.834833071,"NearNatural","NearNatural","NearNatural","B","B","B"
"133",200,"Warm Temperate Small Temporarily Closed",133,28.4216416666667,-32.6486972222222,"Ngogwane","2 Warm Temperate - Small Temporarily Closed","W-STC","bWTemp",22.50359026415,85.6281297709924,85.1531297709924,84.1,"L","L","L",24,76.9946488948117,85,85,225036.211910781,"NearNatural","NearNatural","NearNatural","B","B","B"
"134",201,"Warm Temperate Large Temporarily Closed",134,28.4349416666667,-32.6299166666667,"Qolora (Qolorha)","2 Warm Temperate - Large Temporarily Closed","W-LTC","bWTemp",69.3128522311,87.9324571725506,86.9574571725506,86.55,"L","L","L",24,76.9946488948117,85,85,693128.5914578,"NearNatural","NearNatural","NearNatural","B","B","B"
"135",202,"Warm Temperate Small Temporarily Closed",135,28.4379666666667,-32.6284722222222,"Ncizele","2 Warm Temperate - Small Temporarily Closed","W-STC","bWTemp",22.85070672592,91.5876435732409,91.6126435732409,87.1,"L","L","L",24,76.9946488948117,85,85,228507.025562836,"NearNatural","Natural","Natural","B","A","A"
"136",203,"Warm Temperate Small Temporarily Closed",136,28.4458777777778,-32.6254583333333,"Timba","2 Warm Temperate - Small Temporarily Closed","W-STC","bWTemp",9.194860506547,84.6733909895414,86.4233909895414,90.125,"L","L","L",24,76.9946488948117,85,85,91948.6231995902,"Natural","NearNatural","NearNatural","A","B","B"
"137",205,"Warm Temperate Predominantly Open",137,28.490359,-32.6078358333333,"Kobonqaba (Khobonqaba)","2 Warm Temperate - Predominantly Open","W-PO","bWTemp",115.0811100961,85.4446826324056,86.8696826324056,86.625,"L","L","L",24,76.9946488948117,80,80,1150875.13818906,"NearNatural","NearNatural","NearNatural","B","B","B"
"138",206,"Warm Temperate Large Temporarily Closed",138,28.5262589722222,-32.5847309722222,"Nxaxo/Ngqusi","2 Warm Temperate - Large Temporarily Closed","W-LTC","bWTemp",269.5252663234,82.1419770258442,84.6169770258442,82.025,"H","H","L",24,76.9946488948117,70,70,2695292.83358068,"NearNatural","NearNatural","NearNatural","B","B","B"
"139",208,"Warm Temperate Large Temporarily Closed",139,28.5858269972222,-32.5211869444444,"Cebe","2 Warm Temperate - Large Temporarily Closed","W-LTC","bWTemp",82.0582529633,90.1151126891016,92.8651126891016,88.35,"L","L","L",25,84.1584235557636,85,95,820804.536140431,"NearNatural","Natural","Natural","B","A","A"
"140",209,"Warm Temperate Large Temporarily Closed",140,28.589511,-32.518801,"Gqunqe","2 Warm Temperate - Large Temporarily Closed","W-LTC","bWTemp",79.0791538369,90.0616284344493,92.8116284344493,92.125,"L","L","L",25,84.1584235557636,85,95,790791.577005527,"Natural","Natural","Natural","A","A","A"
"141",210,"Warm Temperate Small Temporarily Closed",141,28.603127,-32.5026439722222,"Zalu","2 Warm Temperate - Small Temporarily Closed","W-STC","bWTemp",68.7964958928,87.5328402366864,89.2828402366864,91,"L","L","L",25,84.1584235557636,85,85,687964.96272291,"Natural","NearNatural","NearNatural","A","B","B"
"142",211,"Warm Temperate Large Temporarily Closed",142,28.614056,-32.494205,"Ngqwara (Ngqwarha)","2 Warm Temperate - Large Temporarily Closed","W-LTC","bWTemp",78.9106314891,88.6744871392433,90.9244871392433,91,"L","L","L",25,84.1584235557636,85,90,789106.303090231,"Natural","Natural","NearNatural","A","A","B"
"143",212,"Warm Temperate Small Temporarily Closed",143,28.6448229722222,-32.4813769444444,"Sihlontlweni","2 Warm Temperate - Small Temporarily Closed","W-STC","bWTemp",55.2273604755,89.4483594842298,91.6983594842298,89.5,"L","L","L",25,84.1584235557636,85,90,552273.62045153,"Natural","Natural","NearNatural","A","A","B"
"144",213,"Warm Temperate Small Temporarily Closed",144,28.65593,-32.4626597222222,"Nebelele","2 Warm Temperate - Small Temporarily Closed","W-STC","bWTemp",29.7702328159,89.1987146270063,90.5487146270063,93.475,"L","L","L",25,84.1584235557636,85,90,297702.292170718,"Natural","Natural","NearNatural","A","A","B"
"145",214,"Warm Temperate Predominantly Open",145,28.673465,-32.44637,"Qora (Qhorha)","2 Warm Temperate - Predominantly Open","W-PO","bWTemp",133.9093521481,84.8651370766752,89.5901370766752,88.225,"VH","H","L",25,84.1584235557636,70,80,1339093.40640703,"NearNatural","Natural","NearNatural","B","A","B"
"146",216,"Warm Temperate Small Temporarily Closed",146,28.693961,-32.4311,"Jujura (Jujurha)","2 Warm Temperate - Small Temporarily Closed","W-STC","bWTemp",30.2784726263,85.9179972622533,88.2679972622533,88.875,"L","L","L",25,84.1584235557636,85,85,302784.742196572,"NearNatural","NearNatural","NearNatural","B","B","B"
"147",217,"Warm Temperate Small Temporarily Closed",147,28.7086809722222,-32.4183499722222,"Ngadla","2 Warm Temperate - Small Temporarily Closed","W-STC","bWTemp",40.7469403187,89.7828498074454,91.5328498074454,90.125,"L","L","L",25,84.1584235557636,85,85,407469.468369453,"Natural","Natural","Natural","A","A","A"
"148",219,"Warm Temperate Predominantly Open",148,28.7255129722222,-32.4031008333333,"Shixini","2 Warm Temperate - Predominantly Open","W-PO","bWTemp",116.3518159551,90.3457879917122,92.3457879917122,89.375,"M","M","L",25,84.1584235557636,80,80,1163802.55738487,"NearNatural","Natural","Natural","B","A","A"
"149",220,"Warm Temperate Small Temporarily Closed",149,28.7520789972222,-32.3748588888889,"Beechamwood","2 Warm Temperate - Small Temporarily Closed","W-STC","bWTemp",20.14606761645,87.7083333333333,91.2083333333333,98.175,"L","L","L",25,84.1584235557636,85,90,201460.674548354,"Natural","Natural","NearNatural","A","A","B"
"150",221,"Warm Temperate Small Temporarily Closed",150,28.7581769722222,-32.3700419444444,"Kwazlelitsha (Kwazwedala)","2 Warm Temperate - Small Temporarily Closed","W-STC","bWTemp",32.12601298803,90.4574324324324,92.7074324324324,98.175,"L","L","L",25,84.1584235557636,85,90,321260.165904845,"Natural","Natural","Natural","A","A","A"
"151",222,"Warm Temperate Small Temporarily Closed",151,28.7615149722222,-32.3664027777778,"Kwa-Goqo","2 Warm Temperate - Small Temporarily Closed","W-STC","bWTemp",30.9389539716,89.1111675126904,91.3611675126904,98.175,"L","L","L",25,84.1584235557636,85,90,309389.567223049,"Natural","Natural","NearNatural","A","A","B"
"152",223,"Warm Temperate Small Temporarily Closed",152,28.7777959722222,-32.3488238888889,"Ku-Nocekedwa","2 Warm Temperate - Small Temporarily Closed","W-STC","bWTemp",33.68528047697,90.392550831793,92.642550831793,98.175,"L","L","L",25,84.1584235557636,85,90,336852.839269251,"Natural","Natural","Natural","A","A","A"
"153",224,"Warm Temperate Predominantly Open",153,28.7903309722222,-32.3397138888889,"Nqabara/Nqabarana","2 Warm Temperate - Predominantly Open","W-PO","bWTemp",307.7086926596,87.0344134234049,91.2594134234049,87.5,"M","M","L",25,84.1584235557636,80,85,3077809.3301333,"NearNatural","Natural","NearNatural","B","A","B"
"154",227,"Warm Temperate Small Temporarily Closed",154,28.8295055555556,-32.3052638888889,"Ngomane (East)","2 Warm Temperate - Small Temporarily Closed","W-STC","bWTemp",25.85155812808,84.65,86.625,87,"L","L","L",25,84.1584235557636,85,85,258515.568382663,"NearNatural","NearNatural","NearNatural","B","B","B"
"155",228,"Warm Temperate Small Temporarily Closed",155,28.8373109722222,-32.301163,"Ngoma/Kobule","2 Warm Temperate - Small Temporarily Closed","W-STC","bWTemp",88.8150481,90.7205836783211,92.9705836783211,91.125,"L","L","L",25,84.1584235557636,85,90,888150.51862736,"Natural","Natural","Natural","A","A","A"
"156",230,"Warm Temperate Large Temporarily Closed",156,28.877787,-32.2809158333333,"Mendu","2 Warm Temperate - Large Temporarily Closed","W-LTC","bWTemp",107.3640612226,88.9285190898573,91.9285190898573,92.125,"M","M","L",25,84.1584235557636,80,90,1073548.84515706,"Natural","Natural","NearNatural","A","A","B"
"157",231,"Warm Temperate Predominantly Open",157,28.8842379972222,-32.268926,"Mendwana","2 Warm Temperate - Predominantly Open","W-PO","bWTemp",27.7591289997,91.5643686874716,94.5643686874716,90.625,"M","M","L",25,84.1584235557636,80,90,277591.30566819,"Natural","Natural","Natural","A","A","A"
"158",233,"Subtropical Large Fluvially Dominated",158,28.9019009972222,-32.249985,"Mbashe","3 Subtropical - Large Fluvially Dominated","S-LFD","cSubTrop",469.7562651812,73.5708333333333,85.55,71.25,"VH","VH","H",25,84.1584235557636,60,55,4697562.78887755,"Moderate","NearNatural","Moderate","C","B","C"
"159",234,"Subtropical Small Temporarily Closed",159,28.914417,-32.2438269444444,"Ku-Mpenzu","3 Subtropical - Small Temporarily Closed","S-STC","cSubTrop",31.6990034962,88.629130268036,90.379130268036,89.15,"L","L","L",25,84.1584235557636,85,95,316989.961236919,"NearNatural","Natural","NearNatural","B","A","B"
"160",235,"Subtropical Small Temporarily Closed",160,28.928003,-32.2281069444444,"Ku-Bhula (Mbhanyana)","3 Subtropical - Small Temporarily Closed","S-STC","cSubTrop",58.7326658003,88.5860783575514,91.8360783575514,91.225,"H","M","L",25,84.1584235557636,75,85,587326.662701609,"Natural","Natural","NearNatural","A","A","B"
"161",238,"Subtropical Large Temporarily Closed",161,28.9468833333333,-32.2052944444444,"Kwa-Suku","3 Subtropical - Large Temporarily Closed","S-LTC","cSubTrop",21.35809972389,88.775,89.775,89.225,"M","M","L",25,84.1584235557636,80,80,213581.004003512,"NearNatural","Natural","NearNatural","B","A","B"
"162",239,"Subtropical Large Temporarily Closed",162,28.956662,-32.1947027777778,"Ntlonyane","3 Subtropical - Large Temporarily Closed","S-LTC","cSubTrop",89.6618962248,81.9212417202329,85.6462417202329,76.45,"M","M","L",25,84.1584235557636,70,70,896618.98379369,"NearNatural","NearNatural","NearNatural","B","B","B"
"163",241,"Subtropical Large Temporarily Closed",163,28.974858,-32.1775,"Nkanya","3 Subtropical - Large Temporarily Closed","S-LTC","cSubTrop",62.0555732816,86.1207244655582,87.3707244655582,84.2,"L","L","L",25,84.1584235557636,80,80,620555.72763616,"NearNatural","NearNatural","NearNatural","B","B","B"
"164",242,"Subtropical Small Temporarily Closed",164,28.98198,-32.173425,"Sundwana","3 Subtropical - Small Temporarily Closed","S-STC","cSubTrop",25.19694229526,90.7747527812114,93.0247527812114,96.8,"L","L","L",25,84.1584235557636,85,90,251969.408393865,"Natural","Natural","Natural","A","A","A"
"165",243,"Subtropical Predominantly Open",165,28.9955849722222,-32.1586338888889,"Xora","3 Subtropical - Predominantly Open","S-PO","cSubTrop",261.4578708891,75.5809183925,88.4559033987839,88.125,"VH","H","L",25,84.1584235557636,65,70,2615222.70981036,"NearNatural","NearNatural","NearNatural","B","B","B"
"166",244,"Subtropical Large Temporarily Closed",166,29.0115179722222,-32.1380077777778,"Bulungula","3 Subtropical - Large Temporarily Closed","S-LTC","cSubTrop",67.3717386674,87.3545162366211,90.3295162366211,88.025,"L","L","L",25,84.1584235557636,85,85,673717.393686002,"NearNatural","Natural","NearNatural","B","A","B"
"167",245,"Subtropical Small Temporarily Closed",167,29.0333809972222,-32.1149247222222,"Ku-Amanzimuzama","3 Subtropical - Small Temporarily Closed","S-STC","cSubTrop",12.96114750248,90.4111623841162,93.2611623841162,90.2,"L","L","L",25,84.1584235557636,85,90,129611.486750122,"Natural","Natural","Natural","A","A","A"
"168",247,"Subtropical Small Temporarily Closed",168,29.0624199722222,-32.0986389722222,"Nqakanqa","3 Subtropical - Small Temporarily Closed","S-STC","cSubTrop",16.8933913329,83.7387158145065,88.0387158145065,94.7,"L","L","L",25,84.1584235557636,85,95,168933.913922834,"Natural","NearNatural","NearNatural","A","B","B"
"169",248,"Subtropical Small Temporarily Closed",169,29.069334,-32.0885839722222,"Mdikana","3 Subtropical - Small Temporarily Closed","S-STC","cSubTrop",17.01477519615,87.825,91.8,94.7,"L","L","L",25,84.1584235557636,85,90,170147.75475111,"Natural","Natural","NearNatural","A","A","B"
"170",249,"Subtropical Large Temporarily Closed",170,29.076077,-32.0827058333333,"Mncwasa","3 Subtropical - Large Temporarily Closed","S-LTC","cSubTrop",116.69985487,85.9437255288551,86.7937255288551,85.625,"L","L","L",25,84.1584235557636,85,85,1166999.36040488,"NearNatural","NearNatural","NearNatural","B","B","B"
"171",253,"Subtropical Small Temporarily Closed",171,29.1076949722222,-32.0402369444444,"Mpako","3 Subtropical - Small Temporarily Closed","S-STC","cSubTrop",51.5486065248,87.0551176100404,87.2551176100405,83.75,"M","M","L",25,84.1584235557636,75,75,515486.051234707,"NearNatural","NearNatural","NearNatural","B","B","B"
"172",259,"Subtropical Small Temporarily Closed",172,29.15181,-31.985485,"Nenga","3 Subtropical - Small Temporarily Closed","S-STC","cSubTrop",33.61742438374,72.6479959828,71.6479959828,74.025,"M","M","L",26,81.57067549517,70,70,336174.213577849,"Moderate","Moderate","Moderate","C","C","C"
"173",260,"Subtropical Large Temporarily Closed",173,29.1687159972222,-31.9699477777778,"Mapuzi","3 Subtropical - Large Temporarily Closed","S-LTC","cSubTrop",12.23801955,86.9837304734439,86.9337304734439,84.075,"L","L","L",26,81.57067549517,75,75,122380.150699409,"NearNatural","NearNatural","NearNatural","B","B","B"
"174",261,"Subtropical Predominantly Open",174,29.183758,-31.9529627777778,"Mtata","3 Subtropical - Predominantly Open","S-PO","cSubTrop",545.6061629233,68.1722541871109,65.3886658088467,57.56,"VH","H","H",26,81.57067549517,60,45,5456159.40586813,"Heavily","Moderate","Moderate","D","C","C"
"175",262,"Subtropical Small Temporarily Closed",175,29.20886,-31.9449597222222,"Thsani","3 Subtropical - Small Temporarily Closed","S-STC","cSubTrop",12.55395107033,81.7431732580038,84.5168079096045,83.575,"L","L","L",26,81.57067549517,75,75,125539.53107827,"NearNatural","NearNatural","NearNatural","B","B","B"
"176",263,"Subtropical Predominantly Open",176,29.2162989722222,-31.93145,"Mdumbi","3 Subtropical - Predominantly Open","S-PO","cSubTrop",254.8898006354,85.3698710709293,86.1198710709293,84.075,"H","H","H",26,81.57067549517,70,70,2548898.00562987,"NearNatural","NearNatural","NearNatural","B","B","B"
"177",269,"Subtropical Small Temporarily Closed",177,29.243925,-31.8961977777778,"Lwandilana","3 Subtropical - Small Temporarily Closed","S-STC","cSubTrop",49.5746668626,86.4856562554741,90.7856562554741,91.2,"L","L","L",26,81.57067549517,85,90,495746.654390975,"Natural","Natural","NearNatural","A","A","B"
"178",270,"Subtropical Large Temporarily Closed",178,29.247536,-31.8909447222222,"Lwandile","3 Subtropical - Large Temporarily Closed","S-LTC","cSubTrop",100.5296387455,89.0848913569235,90.8348913569235,90.125,"L","L","L",26,81.57067549517,85,90,1005296.46755324,"Natural","Natural","NearNatural","A","A","B"
"179",274,"Subtropical Predominantly Open",179,29.270247,-31.8592697222222,"Mtakatye","3 Subtropical - Predominantly Open","S-PO","cSubTrop",247.7144406038,87.0822586754643,88.3322586754643,85.25,"H","H","H",26,81.57067549517,75,75,2478021.32478118,"NearNatural","NearNatural","NearNatural","B","B","B"
"180",276,"Subtropical Small Temporarily Closed",180,29.303612,-31.8274077777778,"Hluleka","3 Subtropical - Small Temporarily Closed","S-STC","cSubTrop",30.075850265,87.9333139340144,90.1833139340144,90.375,"L","L","L",26,81.57067549517,85,90,300758.513722646,"Natural","Natural","NearNatural","A","A","B"
"181",277,"Subtropical Large Temporarily Closed",181,29.3300899722222,-31.8075619444444,"Mnenu","3 Subtropical - Large Temporarily Closed","S-LTC","cSubTrop",196.9948675621,88.5882408398886,90.5882408398886,87.275,"M","M","L",26,81.57067549517,80,85,1969948.68082908,"NearNatural","Natural","NearNatural","B","A","B"
"182",278,"Subtropical Large Temporarily Closed",182,29.3482909722222,-31.7932608333333,"Mtonga","3 Subtropical - Large Temporarily Closed","S-LTC","cSubTrop",56.2386953544,67.2941034465964,89.5241034465964,87.225,"L","L","L",26,81.57067549517,65,85,562386.959791223,"NearNatural","Natural","Moderate","B","A","C"
"183",281,"Subtropical Large Temporarily Closed",183,29.357143,-31.7622488888889,"Mpande","3 Subtropical - Large Temporarily Closed","S-LTC","cSubTrop",51.3352733096,88.8369874734284,90.5869874734284,89.95,"L","L","L",26,81.57067549517,85,90,513352.698275841,"Natural","Natural","NearNatural","A","A","B"
"184",282,"Subtropical Small Temporarily Closed",184,29.3698939722222,-31.750498,"Sinangwana","3 Subtropical - Small Temporarily Closed","S-STC","cSubTrop",123.079879584,86.5745424836601,87.3245424836601,82.875,"L","L","L",26,81.57067549517,80,80,1230798.73874846,"NearNatural","NearNatural","NearNatural","B","B","B"
"185",284,"Subtropical Predominantly Open",185,29.422861,-31.6921769444444,"Mngazana","3 Subtropical - Predominantly Open","S-PO","cSubTrop",767.8267514548,80.7364628105043,80.5472471242298,76.725,"VH","H","H",26,81.57067549517,60,60,7706352.46759785,"NearNatural","NearNatural","NearNatural","B","B","B"
"186",285,"Subtropical Large Temporarily Closed",186,29.463134,-31.6771838888889,"Mngazi","3 Subtropical - Large Temporarily Closed","S-LTC","cSubTrop",434.2884474423,84.325,78.125,71.575,"H","H","L",26,81.57067549517,75,60,4342884.27472289,"Moderate","NearNatural","NearNatural","C","B","B"
"187",288,"Subtropical Small Temporarily Closed",187,29.506893,-31.6554738888889,"Gxwaleni","3 Subtropical - Small Temporarily Closed","S-STC","cSubTrop",16.1340999082,90.791086817768,93.166086817768,91.175,"L","L","L",26,81.57067549517,85,90,161341.027787533,"Natural","Natural","Natural","A","A","A"
"188",289,"Subtropical Small Temporarily Closed",188,29.5177489972222,-31.6506809722222,"Bulolo","3 Subtropical - Small Temporarily Closed","S-STC","cSubTrop",13.19648959621,78.6669117647059,80.8919117647059,84.15,"M","M","L",26,81.57067549517,60,60,131971.083773025,"NearNatural","NearNatural","NearNatural","B","B","B"
"189",290,"Subtropical Small Temporarily Closed",189,29.520481,-31.6478627777778,"Mtumbane","3 Subtropical - Small Temporarily Closed","S-STC","cSubTrop",15.50661637306,80.8241774033697,80.4409811694747,84.875,"L","L","L",26,81.57067549517,75,75,155066.139954771,"NearNatural","NearNatural","NearNatural","B","B","B"
"190",291,"Subtropical Large Fluvially Dominated",190,29.5499289722222,-31.6311408333333,"Mzimvubu","3 Subtropical - Large Fluvially Dominated","S-LFD","cSubTrop",842.6759674787,80.045,80.795,74.25,"H","H","H",26,81.57067549517,45,45,8426760.6920631,"Moderate","NearNatural","NearNatural","C","B","B"
"191",294,"Subtropical Small Temporarily Closed",191,29.5812275,-31.6089619444444,"Ntlupeni","3 Subtropical - Small Temporarily Closed","S-STC","cSubTrop",30.80910608547,89.2851093264948,92.8851093264948,87.725,"L","L","L",26,81.57067549517,85,85,308091.126543366,"NearNatural","Natural","NearNatural","B","A","B"
"192",296,"Subtropical Large Temporarily Closed",192,29.6081638888889,-31.5942833333333,"Nkodusweni","3 Subtropical - Large Temporarily Closed","S-LTC","cSubTrop",100.0281444837,87.1714483120415,90.1464483120415,84.225,"L","L","L",26,81.57067549517,80,80,1000281.29630046,"NearNatural","Natural","NearNatural","B","A","B"
"193",300,"Subtropical Predominantly Open",193,29.637729,-31.5625188888889,"Mntafufu","3 Subtropical - Predominantly Open","S-PO","cSubTrop",277.4758020419,86.1453239961975,87.8953239961975,84.575,"H","H","H",26,81.57067549517,75,75,2775134.37138589,"NearNatural","NearNatural","NearNatural","B","B","B"
"194",303,"Subtropical Small Temporarily Closed",194,29.6608055555556,-31.5491444444444,"Ingo","3 Subtropical - Small Temporarily Closed","S-STC","cSubTrop",34.7199277253,89.775,93.75,94,"L","L","L",26,81.57067549517,85,90,347199.219703293,"Natural","Natural","Natural","A","A","A"
"195",306,"Subtropical Predominantly Open",195,29.6897909722222,-31.5226438888889,"Mzintlava","3 Subtropical - Predominantly Open","S-PO","cSubTrop",108.8092251283,88.2641669119746,90.6141669119746,83.325,"H","H","H",26,81.57067549517,75,75,1089469.77215108,"NearNatural","Natural","NearNatural","B","A","B"
"196",310,"Subtropical Small Temporarily Closed",196,29.723106,-31.4799588888889,"Mzimpunzi","3 Subtropical - Small Temporarily Closed","S-STC","cSubTrop",67.8469439386,86.7438601525099,89.2188601525099,89.6,"L","L","L",27,84.2057672972988,85,85,678469.317409269,"Natural","NearNatural","NearNatural","A","B","B"
"197",311,"Subtropical Small Temporarily Closed",197,29.7341861111111,-31.4680623611111,"Kwanyambalala","3 Subtropical - Small Temporarily Closed","S-STC","cSubTrop",24.8157459752,83.6812977099237,84.4312977099237,87,"H","H","L",27,84.2057672972988,65,65,248157.442298163,"NearNatural","NearNatural","NearNatural","B","B","B"
"198",312,"Subtropical Small Temporarily Closed",198,29.7343222222222,-31.46684,"Mbotyi","3 Subtropical - Small Temporarily Closed","S-STC","cSubTrop",64.0844586651,83.4457555250833,84.1957555250833,86.375,"H","H","L",27,84.2057672972988,65,65,640844.574739706,"NearNatural","NearNatural","NearNatural","B","B","B"
"199",314,"Subtropical Small Temporarily Closed",199,29.7615739722222,-31.4485338888889,"Mkozi","3 Subtropical - Small Temporarily Closed","S-STC","cSubTrop",38.1339412313,88.1082369974139,91.9582369974138,92.475,"L","L","L",27,84.2057672972988,85,95,381339.376045466,"Natural","Natural","NearNatural","A","A","B"
"200",316,"Subtropical Small Temporarily Closed",200,29.7683333333333,-31.445,"Sikatsha","3 Subtropical - Small Temporarily Closed","S-STC","cSubTrop",13.30442738978,91.2236259348,93.9736259348,94.725,"L","L","L",27,84.2057672972988,85,95,133044.301316058,"Natural","Natural","Natural","A","A","A"
"201",323,"Subtropical Small Temporarily Closed",201,29.851479,-31.4232808333333,"Lupatana","3 Subtropical - Small Temporarily Closed","S-STC","cSubTrop",14.54901784893,90.1667070379554,88.6667070379554,94.725,"L","L","L",27,84.2057672972988,85,95,145490.22199013,"Natural","NearNatural","Natural","A","B","A"
"202",324,"Subtropical Small Temporarily Closed",202,29.8728333333333,-31.4034083333333,"Mkweni","3 Subtropical - Small Temporarily Closed","S-STC","cSubTrop",15.36325536519,92.2063531945441,94.7063531945441,94.725,"L","L","L",27,84.2057672972988,85,95,153632.554645553,"Natural","Natural","Natural","A","A","A"
"203",333,"Subtropical Predominantly Open",203,29.9677055555556,-31.3192222222222,"Msikaba","3 Subtropical - Predominantly Open","S-PO","cSubTrop",142.0000393598,89.7355739334113,92.1105739334113,91.425,"H","H","H",27,84.2057672972988,75,75,1420000.40107787,"Natural","Natural","Natural","A","A","A"
"204",338,"Subtropical Small Temporarily Closed",204,30.011365,-31.2876538888889,"Mgwegwe","3 Subtropical - Small Temporarily Closed","S-STC","cSubTrop",19.35646445866,94.8917943382723,98.1417943382723,99.5,"L","L","L",27,84.2057672972988,85,95,193564.64498801,"Natural","Natural","Natural","A","A","A"
"205",340,"Subtropical Small Temporarily Closed",205,30.0397159722222,-31.2617927777778,"Mgwetyana","3 Subtropical - Small Temporarily Closed","S-STC","cSubTrop",22.12277189923,95.0369066047472,96.5619066047472,99.5,"L","L","L",27,84.2057672972988,85,95,221227.716580606,"Natural","Natural","Natural","A","A","A"
"206",342,"Subtropical Predominantly Open",206,30.0462649722222,-31.2488569444444,"Mtentu","3 Subtropical - Predominantly Open","S-PO","cSubTrop",92.7224114335,86.9636254788615,89.2136254788615,90.9,"H","H","H",27,84.2057672972988,75,75,927749.919524786,"Natural","NearNatural","NearNatural","A","B","B"
"207",345,"Subtropical Small Temporarily Closed",207,30.069406,-31.2220369444444,"Sikombe","3 Subtropical - Small Temporarily Closed","S-STC","cSubTrop",102.0666758911,88.8253667378183,90.5753667378183,92.225,"L","L","L",27,84.2057672972988,85,90,1020666.79404228,"Natural","Natural","NearNatural","A","A","B"
"208",346,"Subtropical Small Temporarily Closed",208,30.1049059722222,-31.1863308333333,"Kwanyana","3 Subtropical - Small Temporarily Closed","S-STC","cSubTrop",57.7503049095,89.7558777148591,91.0058777148591,89.025,"L","L","L",27,84.2057672972988,85,85,577503.011489373,"NearNatural","Natural","Natural","B","A","A"
"209",347,"Subtropical Small Temporarily Closed",209,30.1269759722222,-31.159672,"Mtolane","3 Subtropical - Small Temporarily Closed","S-STC","cSubTrop",46.4971868633,91.15,94.125,91.225,"L","L","L",27,84.2057672972988,85,85,464971.900339359,"Natural","Natural","Natural","A","A","A"
"210",348,"Subtropical Large Temporarily Closed",210,30.13378,-31.152132,"Mnyameni","3 Subtropical - Large Temporarily Closed","S-LTC","cSubTrop",87.4704595556,88.2664732127474,90.2664732127474,87.65,"M","M","L",27,84.2057672972988,80,80,874640.250180747,"NearNatural","Natural","NearNatural","B","A","B"
"211",350,"Subtropical Small Temporarily Closed",211,30.1601619722222,-31.124438,"Mpahlanyana","3 Subtropical - Small Temporarily Closed","S-STC","cSubTrop",24.13080798926,86.577027027027,88.577027027027,90.225,"M","M","L",27,84.2057672972988,80,80,241308.057197727,"Natural","NearNatural","NearNatural","A","B","B"
"212",351,"Subtropical Small Temporarily Closed",212,30.16484,-31.119444,"Mpahlane","3 Subtropical - Small Temporarily Closed","S-STC","cSubTrop",35.2185257516,86.8834338138925,88.8834338138925,90.225,"M","M","L",27,84.2057672972988,80,80,352185.244780554,"Natural","NearNatural","NearNatural","A","B","B"
"213",352,"Subtropical Predominantly Open",213,30.1739999722222,-31.10885,"Mzamba","3 Subtropical - Predominantly Open","S-PO","cSubTrop",110.6854590582,86.6304299892748,86.7315159871298,85.575,"H","H","H",27,84.2057672972988,75,75,1106854.61293076,"NearNatural","NearNatural","NearNatural","B","B","B"
"214",353,"Subtropical Small Temporarily Closed",214,30.1875549722222,-31.0882989722222,"Mtentwana","3 Subtropical - Small Temporarily Closed","S-STC","cSubTrop",33.4444228468,73.595,64.175,66.3,"L","L","L",27,84.2057672972988,70,55,334444.235071038,"Moderate","Moderate","Moderate","C","C","C"
"215",354,"Subtropical Large Temporarily Closed",215,30.193694,-31.08452,"uMthavuna","3 Subtropical - Predominantly Open","S-PO","cSubTrop",159.8130442362,81.0032830830142,83.528939699617,81.125,"H","H","L",27,84.2057672972988,65,65,1600017.83936098,"NearNatural","NearNatural","NearNatural","B","B","B"
"216",355,"Subtropical Small Temporarily Closed",216,30.20482,-31.0753938888889,"iSolwane","3 Subtropical - Small Temporarily Closed","S-STC","cSubTrop",18.69580414962,75.9155030848992,87.3105030848992,82.9,"L","L","L",27,84.2057672972988,65,75,186958.055129555,"NearNatural","NearNatural","NearNatural","B","B","B"
"217",360,"Subtropical Small Temporarily Closed",217,30.2290579722222,-31.0426199722222,"iSandlu","3 Subtropical - Small Temporarily Closed","S-STC","cSubTrop",32.357369137,72.7570630246255,72.3520630246255,69.2,"L","L","L",27,84.2057672972988,65,40,323573.720897411,"Moderate","Moderate","Moderate","C","C","C"
"218",361,"Subtropical Small Temporarily Closed",218,30.2356009972222,-31.0346599972222,"uMbhoyibhoyi","3 Subtropical - Small Temporarily Closed","S-STC","cSubTrop",20.17519450185,77.7480478917231,85.8430478917231,78.6,"L","L","L",27,84.2057672972988,65,75,201751.947386537,"NearNatural","NearNatural","NearNatural","B","B","B"
"219",364,"Subtropical Small Temporarily Closed",219,30.2568309722222,-31.011437,"uMuntongazi","3 Subtropical - Small Temporarily Closed","S-STC","cSubTrop",11.49452067822,72.2331576233261,75.2531576233261,78.875,"L","L","L",27,84.2057672972988,60,60,114945.193782026,"NearNatural","NearNatural","Moderate","B","B","C"
"220",365,"Subtropical Small Temporarily Closed",220,30.269293,-30.9973958333333,"iKhandalendlovu","3 Subtropical - Small Temporarily Closed","S-STC","cSubTrop",31.64771631604,75.7137096774194,82.0837096774194,75.525,"L","L","L",27,84.2057672972988,65,75,316477.150461151,"NearNatural","NearNatural","NearNatural","B","B","B"
"221",370,"Subtropical Large Temporarily Closed",221,30.284106,-30.9737077777778,"iMpenjani","3 Subtropical - Large Temporarily Closed","S-LTC","cSubTrop",100.8320462951,71.8643251034009,73.3343251034009,79.625,"M","M","L",27,84.2057672972988,50,55,1008320.52926731,"NearNatural","Moderate","Moderate","B","C","C"
"222",371,"Subtropical Large Temporarily Closed",222,30.3030749722222,-30.9454138888889,"uMhlangomkhulu (South) (Umhlangankulu)","3 Subtropical - Large Temporarily Closed","S-LTC","cSubTrop",45.4798425399,67.3513805352528,66.3513805352528,64.875,"M","L","L",27,84.2057672972988,45,45,454798.488157069,"Moderate","Moderate","Moderate","C","C","C"
"223",372,"Subtropical Small Temporarily Closed",223,30.308989,-30.935966,"iKhaba","3 Subtropical - Small Temporarily Closed","S-STC","cSubTrop",26.19552847428,64.9324068787274,68.7324068787274,80.375,"M","L","L",28,65.0565290258565,45,55,261955.271861544,"NearNatural","Moderate","Moderate","B","C","C"
"224",374,"Subtropical Large Temporarily Closed",224,30.3347839972222,-30.9086397222222,"iMbizana","3 Subtropical - Large Temporarily Closed","S-LTC","cSubTrop",95.8929985963,78.4503325022003,79.4503325022003,77.375,"M","M","L",28,65.0565290258565,65,65,958929.976037607,"NearNatural","NearNatural","NearNatural","B","B","B"
"225",377,"Subtropical Small Temporarily Closed",225,30.3471359722222,-30.8940788888889,"iMvutshini","3 Subtropical - Small Temporarily Closed","S-STC","cSubTrop",10.74164203896,63.9,75.1281211348637,75.3,"L","L","L",28,65.0565290258565,55,65,107416.46189743,"NearNatural","NearNatural","Moderate","B","B","C"
"226",378,"Subtropical Small Temporarily Closed",226,30.3489299722222,-30.8901908333333,"iBilanhlonhlo","3 Subtropical - Small Temporarily Closed","S-STC","cSubTrop",23.62585780093,58.1704775399316,64.2704775399316,62.8,"H","L","L",28,65.0565290258565,40,50,236258.571521101,"Moderate","Moderate","Heavily","C","C","D"
"227",379,"Subtropical Small Temporarily Closed",227,30.3589559722222,-30.8784038888889,"uVuzana","3 Subtropical - Small Temporarily Closed","S-STC","cSubTrop",9.82377901671,68.1,71.6,69.6,"M","L","L",28,65.0565290258565,45,55,98237.78718141,"Moderate","Moderate","Moderate","C","C","C"
"228",380,"Subtropical Small Temporarily Closed",228,30.3727359722222,-30.8614688888889,"iKongeni","3 Subtropical - Small Temporarily Closed","S-STC","cSubTrop",44.7892460035,37.7301795163307,39.8051795163307,61.65,"M","M","L",28,65.0565290258565,25,35,447892.984556604,"Moderate","Heavily","Severely","C","D","E"
"229",382,"Subtropical Small Temporarily Closed",229,30.3953139722222,-30.8364847222222,"uVunguza","3 Subtropical - Small Temporarily Closed","S-STC","cSubTrop",14.45509121613,74.9902480048227,76.7902480048227,77.55,"L","L","L",28,65.0565290258565,70,75,144550.95655681,"NearNatural","NearNatural","NearNatural","B","B","B"
"230",384,"Subtropical Large Temporarily Closed",230,30.405588,-30.820225,"oHlangeni","3 Subtropical - Large Temporarily Closed","S-LTC","cSubTrop",70.3217701331,60.1323252787133,64.4523252787133,69.95,"M","M","L",28,65.0565290258565,45,55,703217.699701524,"Moderate","Moderate","Moderate","C","C","C"
"231",389,"Subtropical Large Temporarily Closed",231,30.4236579722222,-30.7895338888889,"iZotsha","3 Subtropical - Large Temporarily Closed","S-LTC","cSubTrop",103.9779862545,70.25,76.625,70.55,"M","M","L",28,65.0565290258565,65,80,1039780.26264119,"Moderate","NearNatural","Moderate","C","B","C"
"232",390,"Subtropical Small Temporarily Closed",232,30.4392369722222,-30.7706969444444,"iBhobhoyi","3 Subtropical - Small Temporarily Closed","S-STC","cSubTrop",47.86076174051,71.9312687886733,76.4512687886734,67.8,"L","L","L",28,65.0565290258565,65,70,478607.63976581,"Moderate","NearNatural","Moderate","C","B","C"
"233",392,"Subtropical Small Temporarily Closed",233,30.447669,-30.7577069444444,"uMbango","3 Subtropical - Small Temporarily Closed","S-STC","cSubTrop",36.72253741962,29.5935319310878,30.9685319310878,37.475,"L","L","L",28,65.0565290258565,5,5,367225.397774555,"Severely","Severely","Severely","E","E","E"
"234",393,"Subtropical Predominantly Open",234,30.4583,-30.7398327777778,"uMzimkhulu","3 Subtropical - Predominantly Open","S-PO","cSubTrop",402.88832518459,71.695,79.1,70.125,"VH","VH","H",28,65.0565290258565,55,80,4028883.17667669,"Moderate","NearNatural","Moderate","C","B","C"
"235",395,"Subtropical Large Temporarily Closed",235,30.4816949722222,-30.7095927777778,"uMthente","3 Subtropical - Large Temporarily Closed","S-LTC","cSubTrop",102.5199660219,67.3310195534911,67.8310195534911,67.175,"M","L","L",28,65.0565290258565,60,65,1025199.55772847,"Moderate","Moderate","Moderate","C","C","C"
"236",396,"Subtropical Large Temporarily Closed",236,30.498345,-30.688165,"uMhlangomkhulu (North) (Mhlangamkulu)","3 Subtropical - Large Temporarily Closed","S-LTC","cSubTrop",27.87445082746,62.113568061366,64.663568061366,70.35,"M","L","L",28,65.0565290258565,60,70,278744.548001091,"Moderate","Moderate","Moderate","C","C","C"
"237",399,"Subtropical Large Temporarily Closed",237,30.5104259722222,-30.6724619444444,"iDombe","3 Subtropical - Large Temporarily Closed","S-LTC","cSubTrop",27.05962688242,59.1184651027138,58.3984651027138,64.9,"L","L","L",28,65.0565290258565,55,55,270596.238257442,"Moderate","Heavily","Heavily","C","D","D"
"238",402,"Subtropical Large Temporarily Closed",238,30.517298,-30.6603158333333,"iKhoshwana","3 Subtropical - Large Temporarily Closed","S-LTC","cSubTrop",23.08390888801,61.95,61.95,68.6,"L","L","L",28,65.0565290258565,45,45,230839.105292441,"Moderate","Moderate","Moderate","C","C","C"
"239",406,"Subtropical Small Temporarily Closed",239,30.5365339722222,-30.637205,"iNjambili","3 Subtropical - Small Temporarily Closed","S-STC","cSubTrop",67.3877861251,63.2732973022073,64.2732973022073,76.3,"L","L","L",28,65.0565290258565,70,70,673877.915258265,"NearNatural","Moderate","Moderate","B","C","C"
"240",408,"Subtropical Large Temporarily Closed",240,30.547781,-30.6139258333333,"uMzumbe","3 Subtropical - Large Temporarily Closed","S-LTC","cSubTrop",291.1660637322,62.4488541117525,60.8488541117525,59.075,"M","L","L",28,65.0565290258565,50,55,2911660.58137329,"Heavily","Moderate","Moderate","D","C","C"
"241",410,"Subtropical Large Temporarily Closed",241,30.5713989722222,-30.584478,"uMhlabashana","3 Subtropical - Large Temporarily Closed","S-LTC","cSubTrop",32.50420546831,78.27,75.65,77.675,"L","L","L",28,65.0565290258565,75,75,325042.07852296,"NearNatural","NearNatural","NearNatural","B","B","B"
"242",413,"Subtropical Large Temporarily Closed",242,30.5832349722222,-30.5608127777778,"uMhlungwa","3 Subtropical - Large Temporarily Closed","S-LTC","cSubTrop",43.75434257134,68.07,68.07,69.175,"L","L","L",28,65.0565290258565,60,60,437543.44844863,"Moderate","Moderate","Moderate","C","C","C"
"243",415,"Subtropical Large Temporarily Closed",243,30.6070649722222,-30.531815,"uMfazezala","3 Subtropical - Large Temporarily Closed","S-LTC","cSubTrop",20.90735468784,61.2653800374086,64.0653800374086,68.475,"M","M","L",28,65.0565290258565,55,55,209073.552754712,"Moderate","Moderate","Moderate","C","C","C"
"244",416,"Subtropical Small Temporarily Closed",244,30.610236,-30.5258569444444,"uMakhosi","3 Subtropical - Small Temporarily Closed","S-STC","cSubTrop",18.95433978711,70.837507797879,73.407507797879,80.5,"L","L","L",28,65.0565290258565,65,65,189543.587087046,"NearNatural","Moderate","Moderate","B","C","C"
"245",419,"Subtropical Small Temporarily Closed",245,30.6247219722222,-30.5084088888889,"uMnamfu","3 Subtropical - Small Temporarily Closed","S-STC","cSubTrop",18.10281585344,66.162507797879,68.962507797879,74.475,"M","M","L",28,65.0565290258565,55,55,181028.491406,"Moderate","Moderate","Moderate","C","C","C"
"246",420,"Subtropical Large Temporarily Closed",246,30.6356,-30.485175,"uMthwalume","3 Subtropical - Large Temporarily Closed","S-LTC","cSubTrop",185.5989862424,64.775,70.145,57.775,"M","M","L",28,65.0565290258565,50,55,1855989.06809446,"Heavily","Moderate","Moderate","D","C","C"
"247",422,"Subtropical Large Temporarily Closed",247,30.647614,-30.4697988888889,"uMvuzi","3 Subtropical - Large Temporarily Closed","S-LTC","cSubTrop",36.732471282,65.1,71.47,67.65,"M","M","L",28,65.0565290258565,55,60,367324.662221859,"Moderate","Moderate","Moderate","C","C","C"
"248",423,"Subtropical Large Temporarily Closed",248,30.653613,-30.4566869444444,"iFafa","3 Subtropical - Large Temporarily Closed","S-LTC","cSubTrop",111.2107626357,56.4746406757968,62.3446406757968,59.6,"M","M","L",28,65.0565290258565,45,50,1112107.71741912,"Moderate","Moderate","Heavily","C","C","D"
"249",426,"Subtropical Small Temporarily Closed",249,30.6715909722222,-30.4260477777778,"uMdesingane","3 Subtropical - Small Temporarily Closed","S-STC","cSubTrop",24.98699290033,49.35,49.35,61.15,"M","M","L",28,65.0565290258565,20,20,249869.925196528,"Moderate","Heavily","Heavily","C","D","D"
"250",427,"Subtropical Large Temporarily Closed",250,30.6777429722222,-30.4150127777778,"iSezela","3 Subtropical - Large Temporarily Closed","S-LTC","cSubTrop",72.71962676478,62.25,63.8,51.15,"M","M","L",28,65.0565290258565,45,45,727196.23059499,"Heavily","Moderate","Moderate","D","C","C"
"251",428,"Subtropical Small Temporarily Closed",251,30.682835,-30.4056069444444,"uMkhumbane","3 Subtropical - Small Temporarily Closed","S-STC","cSubTrop",24.822429909,61.95,64.75,64.125,"M","M","L",29,34.4075090965721,50,50,248224.368966597,"Moderate","Moderate","Moderate","C","C","C"
"252",431,"Subtropical Small Temporarily Closed",252,30.720378,-30.3528769444444,"iNkomba","3 Subtropical - Small Temporarily Closed","S-STC","cSubTrop",1.117802823975,63,72.4,65.45,"L","L","L",29,34.4075090965721,45,55,11178.0415221611,"Moderate","Moderate","Moderate","C","C","C"
"253",432,"Subtropical Large Temporarily Closed",253,30.7091449722222,-30.3676409722222,"uMuziwezinto","3 Subtropical - Large Temporarily Closed","S-LTC","cSubTrop",105.3070227214,65.2594130058888,60.1894130058888,65.15,"M","M","L",29,34.4075090965721,60,50,1053070.25906499,"Moderate","Moderate","Moderate","C","C","C"
"254",433,"Subtropical Small Temporarily Closed",254,30.727318,-30.34647,"uMzimayi","3 Subtropical - Small Temporarily Closed","S-STC","cSubTrop",26.59149808962,60.353006013036,61.3736072156432,71.15,"M","M","L",29,34.4075090965721,60,60,265914.991160285,"Moderate","Moderate","Moderate","C","C","C"
"255",434,"Subtropical Small Temporarily Closed",255,30.7346375,-30.3338068055556,"Rocky Bay","3 Subtropical - Small Temporarily Closed","S-STC","cSubTrop",5.86731509807,57.728006013036,59.1236072156432,59,"M","M","L",29,34.4075090965721,60,60,58673.1484520944,"Heavily","Heavily","Heavily","D","D","D"
"256",438,"Subtropical Small Temporarily Closed",256,30.7592959722222,-30.2803977777778,"uMphambanyoni","3 Subtropical - Small Temporarily Closed","S-STC","cSubTrop",84.4142965759,65.4880747279939,68.2880747279939,62.25,"M","M","L",29,34.4075090965721,60,65,844142.906293619,"Moderate","Moderate","Moderate","C","C","C"
"257",439,"Subtropical Small Temporarily Closed",257,30.763926,-30.269138,"aMahlongwa","3 Subtropical - Small Temporarily Closed","S-STC","cSubTrop",98.14869382544,74.334147229115,72.264147229115,72.275,"M","M","M",29,34.4075090965721,60,60,981486.84221673,"Moderate","Moderate","Moderate","C","C","C"
"258",442,"Subtropical Large Temporarily Closed",258,30.793734,-30.2251327777778,"uMahlongwane","3 Subtropical - Large Temporarily Closed","S-LTC","cSubTrop",40.6542111778,61.7275954215983,71.323114505918,76.625,"M","M","L",29,34.4075090965721,40,60,406540.123798132,"NearNatural","Moderate","Moderate","B","C","C"
"259",444,"Subtropical Predominantly Open",259,30.803868,-30.2025889722222,"uMkhomazi","3 Subtropical - Predominantly Open","S-PO","cSubTrop",331.878962624,64.365,67.85,65.525,"VH","VH","H",29,34.4075090965721,45,60,3318789.68588161,"Moderate","Moderate","Moderate","C","C","C"
"260",445,"Subtropical Small Temporarily Closed",260,30.8171309972222,-30.17884,"iNgane","3 Subtropical - Small Temporarily Closed","S-STC","cSubTrop",34.6346164083,59.7179193192661,65.5879193192661,82.05,"L","L","L",29,34.4075090965721,50,55,346346.127492142,"NearNatural","Moderate","Moderate","B","C","C"
"261",446,"Subtropical Large Temporarily Closed",261,30.8307269722222,-30.15567,"uMgababa","3 Subtropical - Large Temporarily Closed","S-LTC","cSubTrop",137.9717411136,69.566114563496,68.686114563496,79.15,"H","H","L",29,34.4075090965721,55,60,1379717.4091936,"NearNatural","Moderate","Moderate","B","C","C"
"262",448,"Subtropical Large Temporarily Closed",262,30.847659,-30.1295239722222,"uMsimbazi","3 Subtropical - Large Temporarily Closed","S-LTC","cSubTrop",193.6535656027,73.4025734373933,77.033088124872,86.65,"VH","H","L",29,34.4075090965721,50,60,1936535.69149024,"NearNatural","NearNatural","Moderate","B","B","C"
"263",449,"Subtropical Large Temporarily Closed",263,30.857575,-30.105432,"iLovu","3 Subtropical - Large Temporarily Closed","S-LTC","cSubTrop",425.3700386728,58.3037325447982,60.8037325447982,62.625,"VH","VH","M",29,34.4075090965721,45,55,4253700.50744107,"Moderate","Moderate","Heavily","C","C","D"
"264",451,"Subtropical Small Temporarily Closed",264,30.8732609722222,-30.078032,"aManzanamtoti","3 Subtropical - Small Temporarily Closed","S-STC","cSubTrop",55.2209884979,28.635,32.475,42.225,"VH","L","L",29,34.4075090965721,15,30,552209.885386639,"Heavily","Severely","Severely","D","E","E"
"265",452,"Subtropical Large Temporarily Closed",265,30.884643,-30.0585599722222,"aManzimtoti","3 Subtropical - Large Temporarily Closed","S-LTC","cSubTrop",50.3004573795,37.739080959917,40.139080959917,48.75,"VH","L","L",29,34.4075090965721,1,15,503004.544526951,"Heavily","Heavily","Severely","D","D","E"
"266",453,"Subtropical Large Temporarily Closed",266,30.9367879722222,-30.009709,"iZimbokodo","3 Subtropical - Large Temporarily Closed","S-LTC","cSubTrop",89.3640573606,28.525,31.675,34,"VH","L","L",29,34.4075090965721,10,25,893640.636578232,"Severely","Severely","Severely","E","E","E"
"267",454,"Subtropical Predominantly Open",267,30.9512609972222,-29.9958969444444,"iSiphingo","3 Subtropical - Predominantly Open","S-PO","cSubTrop",704.4328991343,9.85,12.15,12.625,"VH","L","L",29,34.4075090965721,1,5,7044329.06061046,"Severely","Severely","Severely","E","E","E"
"268",455,"Subtropical Estuarine Bay",268,31.062508,-29.8661347222222,"Durban Bay","3 Subtropical - Estuarine Bay","S-EB","cSubTrop",2815.20198644369,24.8604729372604,26.2604729372604,39.8,"VH","VH","H",29,34.4075090965721,5,5,28152019.8774511,"Heavily","Severely","Severely","D","E","E"
"269",456,"Subtropical Predominantly Open",269,31.0426119722222,-29.8084958333333,"uMngeni","3 Subtropical - Predominantly Open","S-PO","cSubTrop",403.5491521452,31.985,36.2,46.45,"VH","VH","L",29,34.4075090965721,5,5,4035492.23319158,"Heavily","Severely","Severely","D","E","E"
"270",457,"Subtropical Large Temporarily Closed",270,31.1014729972222,-29.7030088888889,"uMhlanga","3 Subtropical - Large Temporarily Closed","S-LTC","cSubTrop",150.8142108396,37.75,51.65,44.5,"VH","M","L",30,55.3158195768531,10,35,1508142.09790285,"Heavily","Heavily","Severely","D","D","E"
"271",458,"Subtropical Large Temporarily Closed",271,31.129148,-29.650593,"uMdloti","3 Subtropical - Large Temporarily Closed","S-LTC","cSubTrop",189.5169581211,41.7,45.35,41.15,"VH","M","L",30,55.3158195768531,20,45,1895169.60033441,"Heavily","Heavily","Heavily","D","D","D"
"272",462,"Subtropical Large Temporarily Closed",272,31.184885,-29.5734097222222,"uThongathi","3 Subtropical - Large Temporarily Closed","S-LTC","cSubTrop",145.61304714419,37.835,44.275,30.725,"VH","L","L",30,55.3158195768531,5,30,1456130.50895707,"Severely","Heavily","Severely","E","D","E"
"273",470,"Subtropical Large Temporarily Closed",273,31.2781699722222,-29.4601597222222,"uMhlali","3 Subtropical - Large Temporarily Closed","S-LTC","cSubTrop",200.8704564029,52.26,57.625,63.675,"H","M","L",30,55.3158195768531,45,55,2008704.53729271,"Moderate","Heavily","Heavily","C","D","D"
"274",471,"Subtropical Small Temporarily Closed",274,31.294736,-29.4379769444444,"Bob’s Stream","3 Subtropical - Small Temporarily Closed","S-STC","cSubTrop",8.91049479301,56.5,76.7,61.975,"L","L","L",30,55.3158195768531,65,75,89104.9615271804,"Moderate","NearNatural","Heavily","C","B","D"
"275",472,"Subtropical Small Temporarily Closed",275,31.302904,-29.4293519444444,"uSetheni","3 Subtropical - Small Temporarily Closed","S-STC","cSubTrop",10.2197524051,76.775,76.85,69.85,"L","L","L",30,55.3158195768531,75,75,102197.518699606,"Moderate","NearNatural","NearNatural","C","B","B"
"276",476,"Subtropical Large Fluvially Dominated",276,31.3348539972222,-29.3918819444444,"uMvoti","3 Subtropical - Large Fluvially Dominated","S-LFD","cSubTrop",288.6571731959,51.965,54.675,46.025,"M","L","L",30,55.3158195768531,50,50,2886570.45988424,"Heavily","Heavily","Heavily","D","D","D"
"277",477,"Subtropical Large Temporarily Closed",277,31.373829,-29.3524029722222,"uMdlotane","3 Subtropical - Large Temporarily Closed","S-LTC","cSubTrop",79.91439838031,73.5889577349634,78.5889577349634,87.55,"M","M","L",30,55.3158195768531,50,65,799143.979871489,"NearNatural","NearNatural","Moderate","B","B","C"
"278",478,"Subtropical Large Temporarily Closed",278,31.40708,-29.318857,"iNonoti","3 Subtropical - Large Temporarily Closed","S-LTC","cSubTrop",153.8088955776,62.7772094012376,65.5772094012376,76.575,"H","M","L",30,55.3158195768531,20,20,1538089.00777442,"NearNatural","Moderate","Moderate","B","C","C"
"279",479,"Subtropical Large Temporarily Closed",279,31.4434779722222,-29.28159,"iZinkwazi","3 Subtropical - Large Temporarily Closed","S-LTC","cSubTrop",300.1493817482,72.6878989353965,75.7754787224759,67.375,"H","H","L",30,55.3158195768531,60,65,3001493.85935076,"Moderate","NearNatural","Moderate","C","B","C"
"280",480,"Subtropical Large Fluvially Dominated",280,31.501006,-29.2242527777778,"uThukela","3 Subtropical - Large Fluvially Dominated","S-LFD","cSubTrop",1261.0065783495,56.35,57.625,63.5,"VH","VH","H",30,55.3158195768531,30,45,12610066.2927311,"Moderate","Heavily","Heavily","C","D","D"
"281",481,"Subtropical Predominantly Open",281,31.644552,-29.0836959972222,"aMatigulu/iNyoni","3 Subtropical - Predominantly Open","S-PO","cSubTrop",1183.077822896,71.1,84.25,80.325,"VH","H","H",31,41.7646364250632,50,80,11830764.8730232,"NearNatural","NearNatural","Moderate","B","B","C"
"282",482,"Subtropical Small Temporarily Closed",282,31.763138,-28.966881,"iSiyaya","3 Subtropical - Small Temporarily Closed","S-STC","cSubTrop",88.425301984,35.925,23.875,11.9,"VH","M","L",31,41.7646364250632,15,15,884252.933914203,"Severely","Severely","Severely","E","E","E"
"283",483,"Subtropical Predominantly Open",283,31.8230269722222,-28.9447208333333,"uMlalazi","3 Subtropical - Predominantly Open","S-PO","cSubTrop",1851.7002270986,74.1,79.25,78.375,"VH","H","H",31,41.7646364250632,80,70,18517002.1571828,"NearNatural","NearNatural","Moderate","B","B","C"
"284",486,"Subtropical Estuarine Lake",284,32.0499909722222,-28.8488747222222,"uMhlathuze","3 Subtropical - Estuarine Lake","S-EL","cSubTrop",5642.2670593507,40.475,47.325,60.2,"VH","VH","H",31,41.7646364250632,35,15,56422665.7075839,"Moderate","Heavily","Heavily","C","D","D"
"285",487,"Subtropical Estuarine Lake",285,32.0977669722222,-28.814205,"Richards Bay","3 Subtropical - Estuarine Lake","S-EL","cSubTrop",6354.1515737836,30.9,44,57.35,"VH","VH","H",31,41.7646364250632,20,35,63650727.4960792,"Heavily","Heavily","Severely","D","D","E"
"286",488,"Subtropical Estuarine Lake",286,32.2571179722222,-28.6614058333333,"iNhlabane","3 Subtropical - Estuarine Lake","S-EL","cSubTrop",1875.7220010243,32.3,32.225,40.225,"VH","H","L",31,41.7646364250632,15,5,18757219.9512468,"Heavily","Severely","Severely","D","E","E"
"287",489,"Subtropical Large Fluvially Dominated",287,32.425051,-28.389275,"iMfolozi/uMsunduze","3 Subtropical - Large Fluvially Dominated","S-LFD","cSubTrop",7903.7751328033,52.5,52.5,53.5,"VH","VH","H",32,49.0957305511494,35,45,79037328.2462705,"Heavily","Heavily","Heavily","D","D","D"
"288",490,"Subtropical Estuarine Lake",288,32.4247289722222,-28.3825627777778,"St Lucia","3 Subtropical - Estuarine Lake","S-EL","cSubTrop",67992.1733033746,48.7,48,39.625,"VH","VH","H",32,49.0957305511494,39,49,679922154.306163,"Heavily","Heavily","Heavily","D","D","D"
"289",491,"Tropical Estuarine Lake",289,32.6805949722222,-27.5395527777778,"uMgobezeleni","4 Tropical - Estuarine Lake","T-EL","dTropical",829.3319319291,78.575,81.075,82.575,"VH","H","M",33,78.575,50,55,8293317.37771945,"NearNatural","NearNatural","NearNatural","B","B","B"
"290",492,"Tropical Estuarine Lake",290,32.880789,-26.8951738888889,"Kosi","4 Tropical - Estuarine Lake","T-EL","dTropical",7336.9496233915,87.7,91,81.75,"VH","VH","VH",34,87.7,70,75,73369630.3466334,"NearNatural","Natural","NearNatural","B","A","B"
